,_STATE,NUMADULT,LNDSXBRT,CELSXBRT,HHADULT,PHYSHLTH,MENTHLTH,POORHLTH,PRIMINS1,EXRACT12,EXEROFT1,EXERHMM1,EXRACT22,EXEROFT2,EXERHMM2,STRENGTH,DIABAGE4,NUMHHOL4,CPDEMO1C,CHILDREN,WEIGHT2,HEIGHT3,FALL12MN,FALLINJ5,ALCDAY4,AVEDRNK3,DRNK3GE5,MAXDRNKS,FLSHTMY3,HIVTSTD3,DRNKDRI2,CHKHEMO3,ARTHDIS2,JOINPAI2,LCSFIRST,LCSLAST,LCSNUMCG,LCSCTWHN,HOWLONG,PSATIME1,PSASUGS1,COLNSIGM,COLNTES1,SIGMTES1,LASTSIG4,VCLNTES2,STOLTEST,STOOLDN2,CNCRDIFF,CNCRAGE,CNCRTYP2,CSRVDOC1,CSRVCTL2,CDWORRY,CDHOUS1,CDSOCIA1,CRGVREL4,CRGVPRB3,CRGVEXPT,LASTSMK2,FIRSTAID,ASPIRIN,BIRTHSEX,TRNSGNDR,MARIJAN1,ACEADSAF,ACEADNED,IMFVPLA4,HPVADSHT,COVIDNU2,SDHBILLS,RRCLASS3,RRCOGNT2,RRTREAT,RRATWRK2,RRHCARE4,RRPHYSM2,RCSGEND1,RCSXBRTH,RCSRLTN2,QSTVER,_STSTR,_STRWT,_RAWRAKE,_WT2RAKE,_CRACE1,CAGEG,_CLLCPWT,_DUALCOR,_LLCPWT2,_LLCPWT,METVL12_,METVL22_,MAXVO21_,FC601_,PADUR1_,PADUR2_,PAFREQ1_,PAFREQ2_,_MINAC12,_MINAC22,STRFREQ_,PAMISS3_,PAMIN13_,PAMIN23_,PA3MIN_,PAVIG13_,PAVIG23_,PA3VIGM_,_MRACE1,_AGE80,HTIN4,HTM4,WTKG3,_BMI5,DROCDY4_,_DRNKWK2,MORTRT1
_STATE,1.0,0.002900012049757816,-0.002079683363581044,-0.0024046935577342835,-0.009821409938512495,0.0034850598059523365,-0.000841244063597024,-0.0022636729072957372,-0.011862672311034885,-0.006538404044124557,-0.010066591069654915,-0.003301215519038148,0.0014138183832547075,-0.009170694676134747,-0.0030816623534728003,0.022691686491682166,0.00732816724524398,0.0016232588555285133,0.0025920736061935176,-0.004957577141340627,-0.0009285791276675341,-0.013993515724901902,0.0007914841877072497,-0.001112928282686928,0.02094376759060792,-0.0008784245899479613,-0.004063385220625692,-0.005796494038900245,0.004646910897764262,0.020844722495861716,0.0024710556611248517,0.005187086909157964,0.12786902335753392,0.04449154694886174,-0.10560143799412235,-0.09012732825361543,-0.07712583157937893,-0.04193697671442573,0.10379971932702153,0.005891646135268587,0.007160820123926041,0.06970982674552001,0.07975062701971547,0.02456509207626938,0.014402708935282497,0.020244480219589626,0.039141117899044474,0.04784918886382103,0.014241590332084917,0.022369649812536366,0.0169405303622113,0.026815827283401622,-0.008595097274577036,0.023875480229953495,0.02549184756206782,0.025407481992405462,-0.040315755214764645,-0.038864777999668136,-0.10861521521168414,-0.011384359926713945,0.08432065745959749,-0.05760249595166544,-0.0480302343158321,-0.0011520936430377523,0.0037624700329014545,-0.018606247628077274,-0.01822580546942318,0.011400584934403138,-0.0139614191880986,0.0821180960247539,-0.23745036440289957,-0.01870045519664258,-0.03534311220965335,-0.03279814606468356,-0.029960983027185077,-0.029961937990541018,-0.04222008532378624,-0.008616439730658875,-0.0034528893132912803,-0.013309380554992246,-0.0261814864911104,0.9999971360130322,-0.012090092655398923,0.005615928061178975,-0.01290414751292844,-0.006755909092679046,-0.001466507061354444,-0.03577141306124522,0.026033789123184166,-0.11268308634573364,-0.083526195549407,-0.010778396243192672,-0.012226222084481521,0.002525306044737571,0.0025280202809153966,-0.004502711377700487,-0.005565891015916255,-0.01595291510480736,-0.011886535010090333,-0.005981668611039656,-0.005355676055916153,-0.01721366568129953,0.0023962210811053915,-0.005287856469214088,-0.003935355964139498,-0.006122266662747115,-0.0029219370583865247,-0.0011272230888160757,-0.0028194834647521584,-0.015950345809906594,0.0009183184581822135,0.01306484136446063,0.00515834767859459,0.009034395519470637,0.01376802277841954,-0.016970610940863193,-0.015045759622671498,-0.0007729816446053059
NUMADULT,0.002900012049757816,1.0,0.03962559495547554,-0.03272370275386502,-0.5756680122006069,0.028911477988178568,-0.06752513276355535,-0.00035987152468723083,0.05247398677087454,-0.027905111433112667,-0.020454303292032707,-0.020177720078507558,-0.015993303650873175,-0.01899390651268048,-0.006619102523573343,0.033014638953924355,0.09511867007507328,0.8628324719103496,0.21984413983553863,-0.12443426838875214,0.017026685622335794,-0.027827181036058767,0.030362960933265744,0.014719842001619854,0.07827190939064,-0.0907439898197193,-0.050928214079899795,-0.10014412496328864,0.05646309026709827,-0.052817462603182624,-0.013000651110739964,0.02146360453566382,0.061358694242206684,0.023874496088975367,0.02122750623862766,0.02514307342585244,0.022557294659148304,0.017810655538169153,6.496134246681083e-05,0.04637723698401639,0.051369080161669654,0.007496290919373343,0.00831767392965733,0.0038331535269607387,0.002133901730388099,0.0006955136268232226,0.0039046875338471006,0.0017853417740172981,0.06020421525847305,0.08226055733505147,0.06338115141069736,0.007356359349265137,0.0027879093639030027,0.03912235571010397,0.04133419586887288,0.03897040457253905,0.0012971649502988977,0.0022463281598006043,-0.018140048697374397,0.02478878480625386,0.021210953558150628,0.04896970702697966,0.006771348590819881,0.029026919788308795,-0.025363147625388133,0.03247700273163348,0.0303380416657477,0.003595786656072722,-0.023023183449429763,0.08810193070730302,0.06077397845947596,0.01497383808426517,0.022506979288869126,0.07287435475598558,-0.05485975305554313,0.07378854950248713,0.07115436323246561,-0.057375762670200635,-0.013193116404962592,-0.04934622621532493,-0.8606125116887241,0.0008138966961244791,-0.1729970671869009,0.8958166152983001,-0.046805332939062846,-0.02700460365719743,-0.06675652216523749,-0.012496045256208075,0.3074492919917794,-0.050911526086133016,-0.04940430305208333,-0.04038689591911154,-0.03091243287465787,-0.3101501497127911,-0.31015702978863574,-0.0385283126432658,-0.02322037895564133,-0.016468431119268327,-0.004466853390156512,-0.007770172388861008,-0.00022768986641633838,-0.005170678629582675,0.005967243715785998,0.018094161599281892,0.017356921767103444,0.023280717486652606,0.05788514017068574,0.046771639686978506,0.06991015869713443,-0.02460618654209065,0.29335989743886093,0.010786078322939319,-0.016054480675500204,-0.050528374875534,-0.017503520360143993,-0.011446811793829071,-0.013205647556210835,0.14446441881984773
LNDSXBRT,-0.002079683363581044,0.03962559495547554,1.0,-0.0013747671750195046,-0.02418459466017062,0.006716225593062533,0.003942442474117166,0.00929962364554163,-0.0005059102304120139,0.0005324112916127112,-0.0016966202680525203,0.0025803398533667064,-0.0016725475145784197,-0.000478189630065813,-0.003112054224729976,0.0019294482012255285,0.003802092574121604,0.0345602769487486,0.016807111287748713,-0.005252837058942828,0.008641491060957364,0.0056262465151253865,0.0029484243566615534,0.0021417861843218656,0.004596561053120519,-0.003998494333459212,-0.0002863737027472538,-0.0038469917215674504,0.0003674991997565326,-0.003179420485341213,-0.0001225487005861452,-0.00018642230158648416,0.0025068444933963744,0.002112305340802616,0.0029141330773534103,0.0021590231090971397,0.0017853094668885006,-0.0010085975343305748,-0.0006823108639364882,0.00126406681493355,0.0010264792922352265,-0.001992204201841666,-0.0022282502835406443,-0.000907998012929259,-0.00029663077215745027,-0.0004604470728606234,-0.0011069233524128826,-0.0013048459877149682,0.001602305437951709,0.0022894123201528636,0.002751701647580222,-0.001010543746361948,-0.00036424678639340773,-0.001101136757666497,-0.0015114620593493495,-0.0013578427886508182,-0.0004034583108928047,0.0010515780141069635,-1.9445430498631986e-05,6.637745850511749e-05,-0.0009403378405457114,0.004982952828796836,0.002044779840717004,0.0018564279868120508,0.0005846648291177032,-0.0023676582407315444,-0.0021232718244316344,-0.0010135282084507962,0.0008218320962330373,0.00019039954384596366,0.0043303208482906,0.003852031359775197,0.0027014292036455817,0.007416646579503592,-0.0008259909005867271,0.003721216404690151,0.005866875960859015,-0.00132888529873776,0.000578516521929332,-0.0007991779484262864,-0.03603587421469387,-0.0021685046217507923,-0.008613724033826441,0.03482918160815875,-0.00431909481234781,0.0005851274401487729,-0.0012321921216254346,8.378306116069171e-05,0.010351179346837347,-0.002593844626601786,-0.00028150404924519746,-0.003757007102829903,-0.0030199267354537006,-0.012089082569688527,-0.01208658872034032,0.0007686037707227643,-0.0042943321272866835,-0.0003916069284642712,9.510975981436491e-05,0.003096359813193879,-0.001901615113671833,-0.0006340214549094751,0.00497902064203048,0.0046698486188790815,-0.0020995866921923443,0.0020662217108389502,0.0060902683528343046,-0.001409235446041525,0.003715256530515749,0.01080789774328527,0.008837568572576861,-0.005816929291594096,-0.0076865740336135155,-0.008375716121250907,-0.007621328146533576,0.000403536458926219,0.00046541982684657673,0.0034419426803071152
CELSXBRT,-0.0024046935577342835,-0.03272370275386502,-0.0013747671750195046,1.0,0.03921159716031291,0.01631972777764133,0.06542879729780357,0.038606497335251885,-0.002916754453254765,0.00538220277960601,0.004698220292263235,0.0029915735945743676,0.00268334899167023,0.005446986486448079,-0.0015394480348960282,-0.001956685362856633,-0.0165065468944578,-0.036476307774720114,2.369383553608523e-05,0.004474324679987581,0.009574370761176895,0.004616579416485764,-0.00023587828720923845,0.0026509717398884467,-0.005919839001152147,0.014200959473910047,0.014523129657574173,0.01681802757382003,-0.0047274611196349075,0.0011456827976792777,0.029989052770691173,-0.004046207887653701,-0.00866292492208493,-0.003756124306750354,-0.004000049607097187,-0.0037128019342118805,-0.0014952707027767634,-0.002008310508292198,0.000262896371062089,-0.00865301414579188,-0.01046783605518391,-0.004557329229299834,-0.003870304535676158,-0.0025771233791690384,-0.0011618384448222959,-0.0012495007573305867,-0.001902011382280351,-0.002259555752805719,-0.008048545577966797,-0.011300130003059,-0.009511929862168663,-0.002240571188122904,-0.001426675717953602,-0.007587098447950842,-0.008510100812206043,-0.007811305592731547,0.00469823856798398,0.0007501374734890741,0.0004241256639542607,-0.003696917548931634,-0.004518545738678723,-0.0002891648267852987,0.016343393421781188,-0.017440647911580367,0.017992810723335834,-0.005629760858503933,-0.0038462325801814556,-0.0011546747321012642,0.006314556055887487,-0.010711470735881256,-0.015605839981571806,0.005115453981027579,0.006977168947154714,-0.006707692129923746,0.0031297630043279263,-0.006459084300706183,-0.008792770229389379,0.002604334359036003,0.005062909604527466,0.004874078987035992,0.03599489600992065,-0.002317065700242626,0.005747741127046804,-0.023386692924155926,0.002412836114234472,0.0017062786765506693,-0.004596146161364067,-0.001707527099080204,-0.028097915228705198,0.0038452912602557647,0.018004984185757755,0.0034292568171020088,0.0010702917635872864,0.04915297658120666,0.04915741149126596,0.0038789028389574353,-0.0028762624429209097,0.0044770972875786555,0.0014575736897779424,0.00447833328411294,4.988299238976849e-05,0.0020344729349703107,0.008360622240141752,-0.0025244610590588194,-0.003411852280586285,-0.0038414316990255473,-0.009515778020084863,-0.007713103506385577,-0.011506542181060848,0.018556960519939457,-0.0664732150375575,-0.007771515030555932,-0.010467239410054764,-0.005147210802452248,-0.005130590246641125,0.007258232778339141,0.00895614129556014,-0.02818798944775462
HHADULT,-0.009821409938512495,-0.5756680122006069,-0.02418459466017062,0.03921159716031291,1.0,-0.03980957033378302,0.05549670680640488,-0.011522815564930235,-0.07909605151131066,0.02291714029394865,0.009278725040542316,0.014011477262595834,0.012704426739980804,0.01457891892919228,0.0040779169595617035,-0.03234244793535382,-0.09221095136756745,-0.6416829949541805,-0.17911733050886686,0.2028829322459065,-0.0021382174093045824,0.06298979497416142,-0.0425412164904397,-0.02110076174993867,-0.054221097345194695,0.07825241166130445,0.0380057922570681,0.08500095583895899,-0.063027296400951,0.03075201188142515,0.014909217184645945,-0.017734405630201396,-0.06740320912403858,-0.032952999565464575,-0.012099953243091308,-0.019064876347663608,-0.015226549216291341,-0.011632518084187271,-0.004733339119142811,-0.041117187843335914,-0.044520446993227436,-0.007089970363357412,-0.009894387309668108,-0.005785260043723914,-0.002633173508273598,-0.007128649113359403,-0.00914664392680096,-0.00676890224368317,-0.06043589847375718,-0.08449180396017464,-0.06348308031183227,-0.010166612258933014,-0.004635443695148988,-0.046731672509679974,-0.049302426493890945,-0.047211856803041116,0.005669478372701375,0.007748525206544051,0.007925901121332294,-0.03757315862631056,-0.01781551753385841,-0.03801618140710789,-0.0009038847198199394,-0.0037374607810858173,0.016469002486239483,-0.020051591982280164,-0.01880783113796216,0.00028126849500089725,0.02698549378803048,-0.07460412357792713,-0.044267512889413,-0.016895853486620326,-0.02427277438098166,-0.07922944523032284,0.054347954375646275,-0.08262773735941732,-0.0760292533373591,0.10065677407537625,0.02701938283023652,0.13182514197574693,0.6410367395495045,-0.008277782254249768,0.13519823335707606,-0.41141343719132456,0.07462745899054801,0.05190176287028741,0.11641797903103202,0.05412442008016371,-0.2007668452566664,0.08413273003506784,0.11605305285295285,0.03824737348183508,0.03030081355119683,0.35911622871592397,0.3591218185122938,0.04105958439496803,0.02618861215335594,0.0061596310454494554,0.0045818523357298805,0.006632954779050503,0.004918598004235453,0.0013344869566783103,-0.0158439826662477,-0.02333412669741549,-0.017057511170441436,-0.02683144002229889,-0.06968845832141615,-0.05581358406442606,-0.08388070863000721,0.039901856451770856,-0.3357207081355451,-0.041605698774170245,0.004655032660303548,0.04845908948932526,0.016088679025625625,0.009699927013507765,0.014932328949379315,-0.164931679461592
PHYSHLTH,0.0034850598059523365,0.028911477988178568,0.006716225593062533,0.01631972777764133,-0.03980957033378302,1.0,0.3178873863712423,0.5885967385359689,0.10577251647060143,-0.06704989493502997,-0.10742151467315383,-0.08388826052426124,-0.034567139562377995,-0.11630330090727287,-0.0819610110500186,0.0701499356388727,0.13036647551888994,0.03752605741440567,0.03589372820298549,-0.0484170991976133,-0.005661496924770648,-0.012621349330212766,0.17116334755961043,0.1506907690893873,0.11553592654862892,-0.05576522841784969,0.00023330033564470762,-0.06307655401672135,0.028714119102452886,0.051564945858850034,0.0021332787326306117,0.04277244035475285,0.05199035385752019,0.053281715770530154,0.01769203588520248,0.01971479421435906,0.0217259625687303,0.010542297015709428,-0.00185176239316885,0.0055575805291904045,0.0018865413801245688,0.007036575897662961,0.0027915058499579006,0.005097368431990403,0.002075661506478333,0.004321075870669049,0.003102151914808229,0.004685525128559398,0.03514684624346265,0.035707075559976174,0.031024205998990424,0.0064289652119032615,0.022965356020134286,0.10776010650654008,0.10430107403632044,0.11048475334389535,0.00968785908957934,0.0107707315483685,0.004755711591449669,0.024813162828427215,0.004434380116545706,-0.0028118395352366606,0.01963870928268206,0.0001981284645142255,0.030193031453479232,0.005216700975103587,0.00965356391682487,-0.002448801337998365,-0.006903356583584003,-0.0008159275371146337,-0.009959654031790713,0.0038245303963884703,-0.007668603131109545,0.007414288574547392,-0.06571843815959778,0.006156894574573658,0.005740394930469612,-0.023754382398120243,-0.007327849569371879,-0.014518439073799827,-0.0386361828699614,0.0033972240120204128,-0.010323201413213965,0.015132753182435694,-0.007708928789581662,-0.010232211216112596,-0.02801877344704362,-0.014932635721666447,0.0014470168843539798,-0.006403747459958902,-0.014764710419065116,-0.18556743430723482,-0.15289524823064993,-0.08551273260906433,-0.08550804870083724,-0.11080959012229526,-0.09810539413110138,-0.09920766170850924,-0.07314572525146523,-0.0487932883088016,-0.03433371041126357,-0.02167757965579452,-0.011147380915793351,-0.04701919529082013,-0.03561014281965614,-0.05480857109862465,-0.03075354197211831,-0.026052327662233105,-0.03783417924972245,0.002803658856566812,0.08500431609742166,0.0045794141088801275,-0.0015658118066594112,0.05234308855126565,0.06987078342821483,-0.017978217915033644,-0.009923872682963934,0.18754041342692915
MENTHLTH,-0.000841244063597024,-0.06752513276355535,0.003942442474117166,0.06542879729780357,0.05549670680640488,0.3178873863712423,1.0,0.45363647775248533,0.05389293305263377,-0.03160568374834043,-0.04182813587396933,-0.034575036434960474,-0.01255432947945981,-0.04761428545383449,-0.03603752921158925,0.05391259106825382,0.006162739890160841,-0.07538890643750183,-0.012362429246235854,0.041516847165825245,-0.018040103704316066,-0.030029356921213078,0.09608625498354391,0.09303377149116833,0.022616895260694415,0.04016505373843702,0.06795329731363141,0.04519989260330616,-0.015472106201633794,0.06209989293024183,0.027022471779011077,0.009249473797690082,0.0014697965409144326,0.019189282779327094,0.01104025528711602,0.004034814245204946,0.008904261597730929,0.00032211713214070893,-0.003940234969104621,-0.03246439582618324,-0.04194532821535142,-0.012020647967154845,-0.016026878783466644,-0.005519850763135572,-0.002847140247962842,-0.0040830995757685515,-0.00801363599437263,-0.0080471654116377,-0.01097362067583161,-0.02304949853152391,-0.015075062306082531,-0.004824971788859964,0.011907052976216354,0.07812920653327302,0.07675232105731454,0.08294390936280858,0.018847828185961448,0.017859768857377792,-0.007203518773900773,-0.002518316685599621,0.0019639130203737737,0.0019441039294824545,0.021488555782412808,-0.012750627812849961,0.07140885692124899,-0.009527152792623445,-0.0020225147558031627,-0.0046236388247669034,0.02120000065815762,-0.03553673382292276,-0.035539985811512825,-0.004719015781965712,0.018294678964758403,-0.010052500386453988,-0.0002080337338462521,-0.010120795335025058,-0.00974629693938716,0.02207111172126971,0.002184207017700598,0.02779494213574811,0.07572026552375802,-0.0006569050822943936,0.020301462967668306,-0.047745310734395856,0.013394241447322276,0.0032451118513010385,0.03176710465236778,0.012557907868524733,-0.08712405699405054,0.003907375506727314,0.030878531775963208,-0.09297126921986912,-0.07435200025553555,0.15738280493578768,0.1573838462041168,-0.03838146307385489,-0.03758913352939629,-0.0464644047834647,-0.030712194351419274,-0.015192626925127227,-0.00593465736668187,-0.0289746309184852,-0.01106330289367299,-0.03164947540890327,-0.020143365324696128,-0.034599843536757977,-0.05127013425936816,-0.0423588455592249,-0.06245700823186184,-0.0026142952183552427,-0.16056803641813422,0.014811652620637097,0.0074050753243623795,0.03902865220922879,0.05676906095046876,-0.011364739763050066,-0.0049629206407991976,0.02526229282795095
POORHLTH,-0.0022636729072957372,-0.00035987152468723083,0.00929962364554163,0.038606497335251885,-0.011522815564930235,0.5885967385359689,0.45363647775248533,1.0,0.100379373037124,-0.05954512613697121,-0.09636596343596673,-0.08601027608893286,-0.03776462805896861,-0.10173966442220542,-0.0788095681995348,0.06239672525549397,0.08425245940473898,0.0011717472029419888,0.01894456357861278,-0.028093645763851666,-0.010083288936483897,-0.019169958360754,0.16309253614845032,0.15070530170699495,0.08743520693570302,-0.02904579416424348,0.01836115795985433,-0.033708726203722505,0.014282820137360607,0.05623721741919975,0.00832742301536045,0.028006724900075154,0.03280682515346567,0.0409285261460956,0.014702770726766162,0.014313083763191806,0.0169304236626083,0.008446478005343514,-0.004568100789637942,-0.00621445052475589,-0.011309171215539166,0.0006309542928489898,-0.0038579327815900415,0.0037817194990618216,-0.0008351051361534771,0.00032556335292061614,0.0007611105914133407,0.0014698450340983474,0.01773924017957933,0.01435324431712654,0.014465659299286301,0.005293151905425022,0.014962985586587058,0.10238206647598416,0.09657693164169383,0.10372947343364425,0.012106836100551932,0.012282203459837233,0.0033339558346933014,0.013217412300570353,0.0031317839563083155,0.00010962547033055258,0.02054619392815699,-0.0009104946536297851,0.042731305604475245,-0.0008424087597387357,0.005076222668848026,-0.0029263829273613222,0.0028095851350390263,-0.015955038713568657,-0.022343410232307074,0.002761549576188696,0.004483949500399865,0.003096946486590656,-0.056883513357115605,0.0006744719802244263,0.001264452150642163,-0.015740304952713807,-0.007090009805163266,-0.006020056584353129,-0.002341850674108913,-0.002263684391965974,0.0002021515077402341,-0.0026753499270315887,-0.0008369211657692166,-0.0077647510832672935,-0.01408862652395604,-0.005390602260956301,-0.025705514848641777,0.0004565803467445975,0.0036764303952768027,-0.1688982333913599,-0.13561708712181272,-0.006308555807981987,-0.006301095130036275,-0.1050013490333368,-0.0895043728057803,-0.09490624734710257,-0.06826303188668395,-0.05123205261391594,-0.033842306408390685,-0.025745113442225354,-0.01687948815277366,-0.05454480677997364,-0.03880004435495637,-0.06207713600921517,-0.04424004468715705,-0.03530878920140835,-0.053178851083683865,0.002464784611698269,0.0034714799155508317,0.011047204998445458,0.003670549837477084,0.045446208479497756,0.06016696429057034,-0.01662049276081459,-0.008943006708338896,0.12647332939261127
PRIMINS1,-0.011862672311034885,0.05247398677087454,-0.0005059102304120139,-0.002916754453254765,-0.07909605151131066,0.10577251647060143,0.05389293305263377,0.100379373037124,1.0,-0.03643626256862891,-0.02413929719972546,-0.010063482029615298,-0.0036222007812511483,-0.031753737730507894,-0.009385042610164141,0.020647688895533863,0.07804384982857057,0.06877706709550867,0.013647997297177203,-0.039411900210647915,-0.039482031003835134,-0.04921652126828754,0.054629068339260164,0.04216911806853456,0.07805351309154357,-0.05359905440262733,-0.02123300518974727,-0.0683605284978173,0.030230863468619553,0.030443284428262832,-0.00816974182189432,0.02107873893069622,0.03407553531004026,0.023432602611538744,0.014869155410218944,0.01508392495876394,0.014147645744685884,0.01095824501963782,0.0005396971057126964,0.01664132135774064,0.018760389445737307,0.005110423946117497,0.0026683903736145036,0.004029956445415632,0.004167707352648541,0.0006900015611251501,0.0021158878618435578,0.0027967606263493384,0.019100648504196845,0.026357513615777744,0.02055315465515543,0.0035007750944508194,0.0044311139724065845,0.04696936144076682,0.04508569164937257,0.0462375887388343,0.011431990535733967,0.005053441449458914,0.00516092008664884,0.022790648083535255,0.002207205787770278,0.010528312181804285,-0.0008343900433658065,-0.017521261886375594,0.018592716485009046,-0.0016058303174845917,-0.000399350632460614,-0.007647325791767638,-0.013650389394101686,0.008403568553503092,0.005015737062081986,0.002207312984730324,-0.008894606214193936,0.017722141141567203,-0.07202917247778184,0.012427650097822696,0.016381689512359354,-0.033748111753959205,-0.013062757108038722,-0.02379744287156901,-0.07075662007765665,-0.012021871533661039,-0.030457949092681093,0.02945285330097464,-0.02578722899847538,-0.015089660373166882,-0.03726837315478616,-0.01054636251074649,0.04199997624544082,-0.010735202105686358,-0.022319571796571087,-0.056292809113186314,-0.04830612557929868,-0.12724263813954506,-0.12723613911766274,-0.022726516950550942,-0.02081483227884713,-0.007606319271676866,-0.0069292765804825395,0.006891484283305157,0.004085551382124125,0.008259963785169066,0.0005024581132164885,0.019917303052733867,0.015345632958500562,0.0233733864347156,0.03346947558541782,0.02978558475198389,0.041999185758293894,-0.018124447277428752,0.12279024947529613,0.03496792188124587,0.01828534154881063,0.023865493506592932,0.03783459878459516,-0.015352415841931779,-0.012971335487646602,0.1248770439596178
EXRACT12,-0.006538404044124557,-0.027905111433112667,0.0005324112916127112,0.00538220277960601,0.02291714029394865,-0.06704989493502997,-0.03160568374834043,-0.05954512613697121,-0.03643626256862891,1.0,0.061558858671072365,0.12225488585436176,-0.03284319459138248,0.10023702470295077,0.06187601199741146,-0.1417476758401768,-0.05566097343951172,-0.033519096036294466,0.0010720599032426228,0.012379573628330436,-0.0018299122178538798,0.004430934336996211,-0.02133027072600699,-0.019533343305710393,-0.06044212665108611,0.04527320571479884,0.01758712827153764,0.05582564088183019,-0.007923188480047047,-0.0036048516563616526,0.007603313809486297,-0.011928169285584116,-0.006788538084656723,-0.009779185792372505,-0.00510575132896428,-0.006989684158504681,-0.005273460162876712,-0.0029304309199072874,-0.0013353504646076387,0.003313350717892167,0.004827535040880861,0.0009503170980965892,0.0002206680260273057,0.0011272170733679888,0.0005674032465308456,0.001557770052023313,0.0021712241205886795,0.002143268937011831,-0.004216292551458839,-0.009344264945042409,-0.007466444875372466,-0.00019319497620805563,-7.341445807642476e-05,-0.01821412173551266,-0.017853958791231538,-0.01950868536743088,0.0005461699544524204,0.002205168172244161,0.0022191519743477678,-0.0038539248339031127,-0.0041935338533362594,-0.0028001355797134943,-0.01123805509060322,0.0033068168553231168,0.006465938385090759,-0.0070803609934482915,-0.00686184110397826,0.0008699305705163121,0.004399787764041048,-0.01485651894795498,-0.007556643628871965,0.009423241639023082,0.0017944957664507238,-0.008203143147185704,0.01243558328260158,-0.006051477308553049,-0.009937563765820204,0.006165610876678059,0.005850673491264121,0.006393250535112841,0.031543763072272135,-0.006462153505997102,0.0043285692187132905,-0.019832094478487217,0.0021707294962464755,0.0032341050767246,0.0001910196069799342,-0.0017243782666557673,-0.01904538234960639,0.003772734700556059,0.007628857514006962,0.07131044276198772,0.12949500058748534,0.06209714938202509,0.062089935655995264,0.15393381694841982,0.07180957826813439,0.019177085770493183,0.0780628394349587,0.02828230672074417,0.038854043684776324,0.09105026786443866,0.0555967440069271,0.03878723697717898,0.03275581421189311,0.047238258988243104,0.04469497669486633,0.009480985918765887,0.03866459991972075,0.01598213208349209,-0.059896730994245306,0.011594265618257467,0.011863570845878654,-0.012065434178047053,-0.03231144760079047,0.019722651220458985,0.017877129415591202,-0.07218809086915087
EXEROFT1,-0.010066591069654915,-0.020454303292032707,-0.0016966202680525203,0.004698220292263235,0.009278725040542316,-0.10742151467315383,-0.04182813587396933,-0.09636596343596673,-0.02413929719972546,0.061558858671072365,1.0,0.3298763623098488,0.25719827899478537,0.3444933754296487,0.19449919755218098,-0.06673957983338413,-0.06164248697600273,-0.02504977981592717,-0.010282751223986543,0.00024675874916652685,-0.008327272429729301,-0.016884886249245994,-0.03153685556510097,-0.030866911496829602,-0.05497379159650952,0.026654536370176125,0.005892529877397454,0.03604244014641383,-0.00278201118910031,-0.0050403347518677075,0.0014441763680993786,-0.01623795849985068,-0.00015216730541181198,-0.007485450184442424,-0.003682901188878594,-0.004361502584385071,-0.006500522202140406,-0.004619184166902657,-0.0026915893876476218,0.005530670722264364,0.010832083314945713,0.0059399618222602145,0.0024847624903182367,0.0025470652376185657,0.002134286493840739,-0.0017334285826497869,0.0030486050852647235,0.004661657742508114,-0.006499166783448825,-0.007984191103392435,-0.004493865976174662,0.0008918136727699321,-0.0005842427903660069,-0.022505349869082276,-0.020979444480736752,-0.020650343823589403,0.008074136999335967,0.007524333316097135,-0.0015201087316803973,-0.001319477467774856,-0.013636655144749977,-0.0061359460807528755,-0.004417309383846844,0.006539838784193748,0.0036249265287883648,-0.002643169364007714,-0.0026190674612626167,0.0028138266673916152,0.004241001881992334,-0.014966378372568426,-0.015138524780115088,0.0016687123996607226,0.003383934122941079,-0.008075379329468483,0.007537915033277038,-0.005762362990191031,-0.014264628978933994,-0.0007344035834707361,0.002263343821864552,-0.004077235424236519,0.02391744763910042,-0.010008303007620458,-0.002560591873671985,-0.014186413898427043,-0.0038836174644861017,-0.0034153011634049167,-0.003691635379618609,-0.0035941986748071015,-0.0033180753518082338,-0.0022377110424965344,-0.004713114575862278,0.4525516503039829,0.26824018725920606,0.02632648806548168,0.026328346491216938,0.25735603013729247,0.1765444699126118,0.19494346544785449,0.15651206934898898,0.10565169988579826,0.08435728118442556,0.05755950877614803,0.18017912229442723,0.09951359831278292,0.08719779607863241,0.12308837902963063,0.059182865936589335,0.06325098756382934,0.0803509584023016,-0.006015493243997858,-0.02626112066460387,0.0245047503530406,0.016294840224540894,-0.024808595826509756,-0.038380204859996526,0.013285640321666245,0.00897278045347585,-0.061980752217969656
EXERHMM1,-0.003301215519038148,-0.020177720078507558,0.0025803398533667064,0.0029915735945743676,0.014011477262595834,-0.08388826052426124,-0.034575036434960474,-0.08601027608893286,-0.010063482029615298,0.12225488585436176,0.3298763623098488,1.0,0.1352213672473732,0.1995947274058116,0.2513406021078733,-0.047118566413901615,-0.046192878867364805,-0.02413430397774427,0.005244515659254761,-0.005918398438883956,-0.00918655634506824,-0.01092279990633171,-0.017802785666667667,-0.02221299054603611,-0.04630011901890576,0.04895341340351295,0.03629805007893506,0.059782686926622815,-0.014045425104111747,0.002082976800793454,0.011125801336306541,-0.01144648644521531,-0.0007335716098384386,-0.00309433641804978,-0.0008992698765020771,-0.003834347592394566,-0.001438501224059976,-0.003366737268255797,-0.0016610369766560194,0.009129909405958599,0.01382409775846218,9.867130878278067e-05,-0.002746558839757447,-0.0011710138222579339,0.0012440558523708592,0.0005592733116492746,-8.740387216381398e-05,0.001337570863104756,-0.003600696630113325,-0.006713971873094072,-0.003280719164734712,-0.0011980469502519042,-0.000172003059108408,-0.014651943181390677,-0.014848920658232238,-0.014322726472272321,0.014268511555071405,0.013877154250913673,0.00934881765930687,0.003911503573592189,0.005825537691888109,0.01178299414509392,-0.012084512510292841,-0.0015883043367090146,0.01728452299616406,0.0004124050496732551,0.0003747964562626822,-0.0050137276426099825,-0.004506053290503492,-0.033664070821390536,-0.00390680555912058,0.012319328113656457,-0.008232287550660519,0.004240369678651536,0.014000965280021921,0.008984024612585469,0.0005569406212504219,-0.0021938062740668894,0.004582051946920837,0.0007825665970760685,0.02020305157662261,-0.003242180751184803,-0.008876783915546861,-0.014991174734668091,-0.011446129139426341,0.0005717604493058573,-0.011594006332719828,-0.009997758798489477,-0.009455200875361941,-0.006280634106622931,0.0005609581303437684,0.3047470582381218,0.19050429408616973,0.034960658765259806,0.03496033270012991,0.7450896336300866,0.2187660545314011,0.16082353455890364,0.12557540024981506,0.420826427286338,0.12094903375234282,0.05761317304046666,0.11134192166693238,0.4013703630805604,0.11966006835140502,0.35741974423152023,0.24866226404744407,0.07525686195272142,0.22805586509374312,0.0011193385910543523,-0.023827338677529744,0.026438469962831505,0.022939004759529674,-0.006859895260722392,-0.03332581949329102,0.01934315886441352,0.017597010000305575,-0.045018589694187414
EXRACT22,0.0014138183832547075,-0.015993303650873175,-0.0016725475145784197,0.00268334899167023,0.012704426739980804,-0.034567139562377995,-0.01255432947945981,-0.03776462805896861,-0.0036222007812511483,-0.03284319459138248,0.25719827899478537,0.1352213672473732,1.0,-0.350129734435635,-0.21977043348274278,0.09045431634005253,0.003298489613864367,-0.01812982647930796,-0.0020407015989600402,0.00942936146499783,0.01787978396373041,0.023837659825903055,-0.017166535107204114,-0.012652352311764023,0.015574321438444144,-0.0054599135920332525,-0.001599577074692424,-0.015299886569465085,0.00034689380000042525,0.01485496449006917,-0.002754329524306536,0.0021619556558204345,-0.009827924249341754,-0.0028315679313074796,-0.00012080889221562538,-0.00022462263670605152,-0.0024292713008365547,0.0019984785379542755,-0.0008395740508363032,-0.0017141722916919537,-0.0021378568230550326,-0.0020541430057375723,-0.005604989304246737,-0.00047231223562483395,9.047545688046128e-05,-0.0006566519860823592,-0.004475439900909681,-0.004129924641787697,-0.009556508178824995,-0.010237573688299934,-0.008403239807460916,-0.003273778215253912,-0.004867087337628736,-0.011457365018524958,-0.011817555877897401,-0.01256436965410072,-0.003738305768798087,-0.0021720217184616557,-0.001792345246955229,-0.002499844095754695,0.01405967323083474,0.004253743362052937,-0.008759994496657769,-0.006960243650017128,0.00036651531274648614,-0.003132571136865227,-0.003658484504182323,-0.0007267067134899528,0.004849356241320819,-0.0006411055063468289,0.011261713984491363,0.00852053476763172,-0.013026710317673055,0.0028053306525955128,0.011175980133519883,0.0015766979308106982,0.0019366950516974863,0.005913409964844441,0.005261308593115767,0.004881020650891686,0.018047173996914495,0.0014506462854132973,0.010669299177723404,-0.011222860513938863,0.009330068990295754,0.010902569062773267,0.0012341385105193723,0.00542078626208366,-0.017159110090409938,0.00704918995707772,0.011831316924640897,0.27287150681108246,-0.41897633005281454,0.012234854244158893,0.012233446231729462,0.10885679957600822,-0.2453662877227453,0.1520204484994668,-0.23774262441816243,0.06423051834664537,-0.11344783732612906,-0.04382101081763987,0.582301062835359,0.050989178929886414,-0.11513082614919365,-0.03268862797358115,0.014601732728784678,-0.07756899507651688,-0.03375568735984267,0.018570822465844492,-0.017479494604238678,-0.023127348476694315,-0.013111673743796086,-0.0029866172973715887,-0.006043549839325117,0.009573957030886033,0.012729228754623886,0.002003401415069559
EXEROFT2,-0.009170694676134747,-0.01899390651268048,-0.000478189630065813,0.005446986486448079,0.01457891892919228,-0.11630330090727287,-0.04761428545383449,-0.10173966442220542,-0.031753737730507894,0.10023702470295077,0.3444933754296487,0.1995947274058116,-0.350129734435635,1.0,0.45724249420564234,-0.1569565709348072,-0.0814372310913931,-0.025584641103408443,-0.023250071483777213,0.005722906305164831,-0.029523573693602593,-0.039255065577492726,-0.03317584507433437,-0.030935304223288714,-0.08871290851033177,0.04453763035469733,0.009269214296208665,0.06228720948513522,-0.01188698965331611,-0.012760081812067352,0.005519362527060069,-0.020089162774108982,0.0017020405518674928,-0.009769330169518886,-0.005700117063971895,-0.005250830156566687,-0.008183781783859928,-0.0052211508137742476,0.00014258398833510134,0.004746629661610454,0.012627518845460978,0.005650978349409723,0.008271769659786734,0.002474021272593852,-0.0011508008472511323,-0.002830842343969416,0.005231801142385497,0.006980223103878816,0.0011402153168634315,-0.0007564012198435404,0.0009662527467431597,0.0028021455265785397,-0.0018691863635544525,-0.020459094470355932,-0.019171211151070226,-0.01986317069107265,0.009411700466564464,0.007037416115277238,-0.0006738362950752697,-0.0024618211611127866,-0.018585207898344412,-0.006100501399010695,-0.0018208590605898881,0.013808619568366839,0.007701065363959165,-0.0014742391328170104,-0.001431001836717332,0.00189148858934582,0.0031253654459934385,-0.004339651230989547,-0.013441811121217378,-0.00749220291712545,0.022502991429497392,-0.01035833997063204,0.012625636413216115,-0.0065550926591164595,-0.011780699755058672,0.0037534513557193486,0.003380210797954872,0.0004060269930810881,0.024080798294807228,-0.00910843326202297,-0.005253547695193179,-0.01075559664535128,-0.0063936576732913745,-0.00405288851723879,0.004216196062378066,-0.004596796100934652,0.006394013494441384,-0.004288915333141127,-0.011434261180837435,0.36057250040709626,0.6007863248469857,0.04406798628028756,0.0440728881208236,0.22016637886024795,0.38682746438886795,0.1988110558019497,0.2954276566298413,0.10802743174987811,0.1585678338041331,0.09370289922868613,-0.16832076706111615,0.11045848565231298,0.16016111397566676,0.1745988952790077,0.0806899761322295,0.10620246940510475,0.12103205221336268,-0.024504595574912184,-0.036822652538959236,0.05015833671969931,0.037219909941295586,-0.016104479333659574,-0.030170482326903992,-0.00456132930406081,-0.012694012031525951,-0.08343612996655671
EXERHMM2,-0.0030816623534728003,-0.006619102523573343,-0.003112054224729976,-0.0015394480348960282,0.0040779169595617035,-0.0819610110500186,-0.03603752921158925,-0.0788095681995348,-0.009385042610164141,0.06187601199741146,0.19449919755218098,0.2513406021078733,-0.21977043348274278,0.45724249420564234,1.0,-0.07303873812856651,-0.050234496680675735,-0.010328772741847908,-0.002577214365747522,-0.0037537179994065824,-0.021076395912829865,-0.02637295353438422,-0.017985342119797226,-0.020687664683992142,-0.0521830498923832,0.04088743718804654,0.02108217197051661,0.053820035665663055,-0.014703057460456338,-0.00816752813424658,0.00681026050561999,-0.014119995282480818,0.002030729175413072,-0.005958650111975464,0.0003545632917821343,-0.0002604436210630012,0.0007138446323799757,-0.002444524153612883,0.0052603180235365485,0.008967420969026042,0.014742841100921573,0.00381495299832789,0.005001934185134132,-0.00014392114067405542,-0.00013152678536501675,0.0009423149971122716,0.004589975212007911,0.005057339054701929,0.003553524698389472,0.003296599729105621,0.005181438425675654,0.0012042330225897646,0.002169947247361207,-0.011154861927304036,-0.01105490396718683,-0.01131018593563766,0.01145441803456771,0.010423209043395516,0.001589528625196527,0.0038577538037434353,-0.004269947238114009,0.005615347450747569,-0.003328900045982409,0.006908455206092375,0.011783299580832449,0.006926807365740671,0.006502957962551204,-0.00191670722319079,-0.004892012152580968,-0.014895322801247533,-0.006944138321225963,0.0005612551004739797,0.0019492063852935356,-0.00011687660091036049,0.009245658309721037,0.002708013782945085,-0.0012935602604370097,0.0013018632762676083,0.005049917704616066,5.152979642709011e-05,0.007168608290475584,-0.0030538719381263475,-0.016537303372400555,-0.0034609700100452583,-0.01726704741676906,-0.001905222895617207,-0.0035558727149931153,-0.0058559412624582625,0.008771684514636374,-0.010935824106545913,-0.009311207452702567,0.23492768499018316,0.41892639479180566,0.014710719769526833,0.014709891940090111,0.24462325610742183,0.8063132818805245,0.14651179269910464,0.24765337530553203,0.13963852904046703,0.4522977371169863,0.06328000466504415,-0.08532814592545362,0.1362267371106083,0.44484622613627794,0.36352428850395735,0.09038072852400779,0.27126835783529296,0.2231545179576136,-0.012817420031359035,-0.004997043820270994,0.03755281202866816,0.028368580853735875,-0.002056505073573996,-0.019461223478944342,0.004589260117397067,1.2781365993170205e-05,-0.040126929819811
STRENGTH,0.022691686491682166,0.033014638953924355,0.0019294482012255285,-0.001956685362856633,-0.03234244793535382,0.0701499356388727,0.05391259106825382,0.06239672525549397,0.020647688895533863,-0.1417476758401768,-0.06673957983338413,-0.047118566413901615,0.09045431634005253,-0.1569565709348072,-0.07303873812856651,1.0,0.08068193564416798,0.04351932846307603,0.02706505504348734,-0.009572527443298185,0.03494001988849288,0.028099496684471686,0.021037652741050208,0.013664190953192872,0.09005676362119129,-0.04293002580281901,0.002917446416651229,-0.05651981714298874,0.019072732413482462,0.01388090581589394,-0.000787335993708544,0.016834971928283187,0.01033922023011845,0.0168282410635584,0.002656205214654564,0.0014704156310050636,0.008173078471692793,0.001877252847385522,0.003992284912884297,0.005439290286295991,-0.00017244461072868727,-0.0023395449359469075,-0.0014810297633775105,-0.0034772315881626977,0.0020473296691156757,0.0002722759188164741,-0.003976498188171303,-0.003949739947544924,0.005599462341938641,0.009301587373406016,0.005447034077831445,3.927642217172433e-05,0.002345867955407521,0.027762402956408833,0.029309283886059953,0.030784382190704642,-0.005775180032146444,-0.004518907391854366,0.003631326522336309,0.012629462144605917,0.010268913970614295,0.008958992806935169,0.014203369939958141,-0.0033584211119293017,-0.0006969230516972693,0.0030071824305315112,0.0028125655664357698,-0.005739146785044715,-0.011713809146969376,0.01086464460369971,0.0271188791814155,0.005386320014139907,-0.01602597878092524,0.026714577996234955,-0.004635168436743367,0.02686827251752568,0.023766697522065533,-0.004141811523817388,-0.005165196883222282,-0.006151925399203703,-0.04241387824413289,0.02259077766333256,-0.0061352653789868055,0.021367433615887985,-0.0030278326399777143,0.0009435946876567543,-0.001663069611526986,-0.0013211914020030647,0.009569446436362844,-0.014156807595337256,-0.01336146876510838,-0.14761433648201144,-0.1869711404148829,-0.09088665970013969,-0.09089289747492998,-0.09514741110166397,-0.10828767340681471,-0.12884019348528872,-0.14630807435864793,-0.047713541118445044,-0.0422751308697013,-0.5105071991619484,0.07646217071030781,-0.04491998476242498,-0.0412142341084223,-0.05667216955479432,-0.027692914592792252,-0.02495296967036012,-0.03492765976114751,0.012353349582694234,0.08082830458018789,-0.029885933743658256,-0.025812185201959787,0.02837160118252401,0.04053417020175677,-0.006050832275144644,0.0001807838502434184,0.10429398470170824
DIABAGE4,0.00732816724524398,0.09511867007507328,0.003802092574121604,-0.0165065468944578,-0.09221095136756745,0.13036647551888994,0.006162739890160841,0.08425245940473898,0.07804384982857057,-0.05566097343951172,-0.06164248697600273,-0.046192878867364805,0.003298489613864367,-0.0814372310913931,-0.050234496680675735,0.08068193564416798,1.0,0.10979731083440893,0.04742312061982576,-0.0932601135745096,0.004548621040040051,-0.014220876509762713,0.06999518172103737,0.04931441815499015,0.1293549817673634,-0.09179262566639527,-0.0439750527153503,-0.10293142769686475,0.06276337045061639,0.0036217632039061178,-0.009592046899651631,0.19474871909163535,0.04109601529520765,0.024742155880355252,0.012174196275274983,0.016262979183453506,0.01915470142371489,0.011241475222774083,0.014959621195812406,0.038556582675412995,0.039956233909859536,0.02052203482795984,0.01657557674998994,0.00912915526300958,0.007397229399253261,0.00985338935375389,0.009673603573653924,0.010029212867457596,0.03424431907941076,0.04529776178275925,0.03563153283759646,0.013218077348025705,0.004305459046323658,0.058897993331954404,0.06074994172670178,0.06175723701444487,0.005174297532026419,0.003962995232360001,0.01052045669777225,0.035087690649079864,0.009990153021734564,-0.006124906432407095,0.009299625022303923,0.004365682055994525,-0.021654494317028566,0.017511224727698685,0.01703846350197615,-0.0008812157471874406,-0.02024970573420493,0.02785440977112397,0.012952107003623559,0.009421972102428322,-0.018923729770947095,0.02339263360859807,-0.059024074850026434,0.018181364067777164,0.024013715361836233,-0.046847152756401084,-0.012134246590076947,-0.038356270969294205,-0.11111030636089506,0.007067461957914178,-0.021372121877110132,0.06365632275972531,-0.01142384924913534,-0.017030322313403578,-0.05642789468292695,-0.021784305586452793,0.07111044438411303,-0.0038031507565886268,-0.031615525461807945,-0.10973058369655732,-0.10537010166250929,-0.21801410294197632,-0.21801453297036572,-0.07370397613903537,-0.06934237113510942,-0.06362741605572206,-0.05630680836871267,-0.03219628152487213,-0.025441120393184625,-0.038028692680699624,0.01862199130364862,-0.01786424173933154,-0.016560269461136295,-0.022639696156340178,0.011340763555187464,0.00649685437432738,0.012163271651468348,0.0004860391228661034,0.20933989989630622,0.010365178621004327,-0.0009563696152192938,0.08437296439083107,0.09562161707062326,-0.01918672770619547,-0.011953864396416802,0.37522980030019887
NUMHHOL4,0.0016232588555285133,0.8628324719103496,0.0345602769487486,-0.036476307774720114,-0.6416829949541805,0.03752605741440567,-0.07538890643750183,0.0011717472029419888,0.06877706709550867,-0.033519096036294466,-0.02504977981592717,-0.02413430397774427,-0.01812982647930796,-0.025584641103408443,-0.010328772741847908,0.04351932846307603,0.10979731083440893,1.0,0.2604293165281626,-0.1640255351921806,0.010920767094092938,-0.0372922799935695,0.03729973360205072,0.01784340679238763,0.09734402038169385,-0.10684290778074557,-0.05737702349105936,-0.11812953172107975,0.07264107308401234,-0.06315740430134446,-0.015181436731464912,0.022012836461114065,0.07874616145812637,0.034839563154748315,0.0245553571061165,0.030363238909447438,0.025512864677796603,0.01995912089222037,0.00035926672672195834,0.04998953425074566,0.05491579387598504,0.0046504248172555916,0.006670674201454768,0.004060077380369639,0.0017043877882467668,0.0035276091371700367,0.004924497398239817,0.0019073398530522357,0.07639877906697527,0.10624438911293455,0.0801212668007301,0.008884236977755143,0.002521222515464024,0.0507634469994054,0.0536221113578188,0.05110250787386111,-0.003980224389570733,-0.004075787929093324,-0.01689115601410261,0.03188291005961706,0.025040291269491678,0.04676968026308986,0.007189655429288663,0.03077261652595426,-0.030748432597231982,0.03834951222073484,0.03611132690017187,0.003781081010839497,-0.02691229849471743,0.1025437292284434,0.06806794934288497,0.015149727256035408,0.02420757811001283,0.08884102917046731,-0.07466340648193204,0.0909890873208901,0.08535519118365409,-0.0820682161383066,-0.02170414490327916,-0.07570641994407383,-0.9607798618048111,-0.000701109768052765,-0.19169782324387713,0.6308210654804797,-0.09942094431147609,-0.0376413947500699,-0.09355968910269193,-0.02897674890987634,0.33638036554949935,-0.092683480481376,-0.08638815397419433,-0.05425176358694874,-0.04289072990390094,-0.37503336119665354,-0.3750488185678521,-0.05066356186281639,-0.03487630719404857,-0.0212557427112295,-0.01058513451699655,-0.011814784090448767,-0.00535299464932483,-0.007818534624982667,0.009890238978626578,0.021114419714898202,0.016992745779392426,0.025212509583989306,0.0713403679594495,0.055208970350299036,0.08476054817675077,-0.03339151482670029,0.3563635097167157,0.014306572199998969,-0.01581616495978297,-0.0631571653240972,-0.020755915808136127,-0.017446544219835623,-0.019144994817581633,0.17602873926478116
CPDEMO1C,0.0025920736061935176,0.21984413983553863,0.016807111287748713,2.369383553608523e-05,-0.17911733050886686,0.03589372820298549,-0.012362429246235854,0.01894456357861278,0.013647997297177203,0.0010720599032426228,-0.010282751223986543,0.005244515659254761,-0.0020407015989600402,-0.023250071483777213,-0.002577214365747522,0.02706505504348734,0.04742312061982576,0.2604293165281626,1.0,-0.04845763396524095,0.08626905310278227,0.07343245983484471,0.024782464034454364,0.013941516670209956,0.052277073862705914,-0.04871550523967565,-0.011162607162121196,-0.05421864173535592,0.02051625194993989,-0.019301821902741635,0.0012079753547688849,0.012326609066031613,0.01867877035692837,0.014041536657584404,0.005639394086241843,0.004050769892683774,0.006294757215381407,0.005479899732655592,0.0015799629220235923,0.011685025117546216,0.009979348904297757,-0.0038366336867613282,-0.0038129675966175726,-0.00042470901511442664,0.0013038872564748228,-0.0008677927342868791,-0.0033656604707561887,-0.003997421385447016,0.01120582410348053,0.01733579318306482,0.01141169646401937,-0.00351285312574362,-0.0017037554177537616,0.015288320194860119,0.014439915846342929,0.012779363789563215,-0.00036989653891130684,0.002002599746992683,0.000550561358843212,0.00943226148424105,-0.002908960653197678,0.011013332020807464,0.0049980672634230665,0.014646633664827238,-0.008823199311712248,-0.006546785121907371,-0.006961123447545735,-0.004042499380543555,-0.011012286441662118,-0.011772120564501283,0.0034433464429634176,0.044581943682692554,-0.01938929167429985,0.028140137213487678,-0.035508993982710214,0.026643927769614453,0.01962603973940727,-0.02394131411812383,0.0016578063519410535,-0.025528602286315934,-0.26458201453644226,0.0019529527360861126,-0.05319150864677756,0.14031642956566986,-0.03290114463371617,-0.005203015295350751,-0.04221525692531391,-0.005863487341915735,-0.09166438812209014,0.030102181751554727,0.02473296684842181,-0.04787049511828878,-0.044930011686816956,-0.15726254481793908,-0.15726855304260492,-0.02126626363958435,-0.0239820710945659,-0.01672470098495634,-0.012934082637116448,-0.002578006197466373,-0.0027621767486093,0.0031466938058265707,0.03634409212320994,0.0015864641034874112,-0.0005930736551368668,0.0007739753408111203,0.01638316852959776,0.00958466045664688,0.017685896625660193,0.061270924891026465,0.11792292036868564,-0.0844193299745606,-0.10504127461306155,-0.08706842059274641,-0.08652534072250428,0.06321915119694589,0.06613779086920249,0.05656186693254586
CHILDREN,-0.004957577141340627,-0.12443426838875214,-0.005252837058942828,0.004474324679987581,0.2028829322459065,-0.0484170991976133,0.041516847165825245,-0.028093645763851666,-0.039411900210647915,0.012379573628330436,0.00024675874916652685,-0.005918398438883956,0.00942936146499783,0.005722906305164831,-0.0037537179994065824,-0.009572527443298185,-0.0932601135745096,-0.1640255351921806,-0.04845763396524095,1.0,-0.007846345665070217,0.04713163416354442,-0.04766696041384057,-0.02641442089086546,0.004887013107405509,0.03702831582261088,0.02153900959732837,0.039922920137712814,-0.054553876870950486,0.04049326794442488,0.01909258671717955,-0.01674817060795929,-0.05640907775960852,-0.027066067719434365,-0.013613775442829596,-0.017970003301649665,-0.01560812099224594,-0.012586475301603317,-0.0076167446969211,-0.04658939501792172,-0.054944138957128776,-0.03071647917019089,-0.03664058219091492,-0.016512478274040104,-0.0031060138267870476,-0.007654817355065689,-0.018917817820974764,-0.019307949902515463,-0.04879598818388095,-0.06696090389250768,-0.0527153270602724,-0.013061606217827487,-0.00239787345976457,-0.05425894967357086,-0.05804106686750965,-0.05532026828456219,-0.0018638898843510465,0.0012874298715384736,0.010686521362240886,-0.02682354641741939,0.001302155951508455,-0.005609769012688862,0.018187598470307,0.008789195092210112,0.006172257655200223,-0.017898758686620577,-0.017253973504838715,-0.00437584911007806,0.02163415662398303,-0.07259479869065041,-0.01823232495897695,-0.0058078020325124,-0.004693981653562754,-0.03348443650370154,0.06195415826277044,-0.038224092449723295,-0.02884745895011535,0.36744622693714707,0.11188057558946206,0.3389451950694656,0.16634385272915062,-0.0045623620064110275,0.03461900717814025,-0.06748677319546387,0.023293095042871657,0.1652557166589774,0.414660292016679,0.2461061580698139,-0.12739220077716334,0.007275055601589856,0.07667886007129798,0.026138842522349357,0.01707990251282786,0.30288625103420347,0.30285994826657847,0.0073607063688381725,0.006971294175493918,-0.004060516267838551,0.006032545283559374,-0.001524789310885877,0.010024854345902848,-0.006621996070097063,-0.007932324509668036,-0.026339742588579424,-0.012920830655821869,-0.0264923419975154,-0.06279813399733267,-0.05534438722801657,-0.07849074102408204,0.02610906893422894,-0.3020004306927218,-0.022882855982969113,0.008561392010558602,0.04244447844442312,0.023606632282325627,-0.016604016470146372,-0.008513623365052517,-0.16400995477684435
WEIGHT2,-0.0009285791276675341,0.017026685622335794,0.008641491060957364,0.009574370761176895,-0.0021382174093045824,-0.005661496924770648,-0.018040103704316066,-0.010083288936483897,-0.039482031003835134,-0.0018299122178538798,-0.008327272429729301,-0.00918655634506824,0.01787978396373041,-0.029523573693602593,-0.021076395912829865,0.03494001988849288,0.004548621040040051,0.010920767094092938,0.08626905310278227,-0.007846345665070217,1.0,0.4358218302343813,-0.014076793343047567,-0.005722530426170141,0.04312553130273232,-0.04381300348970265,-0.028220962870312387,-0.05649073780482626,0.011812487302677125,-0.00028680259983283077,-0.005996750902429614,-0.0004526376636213506,0.004054426583968788,0.004260719778455646,-0.007284426452919577,-0.008214488778938081,-0.008324617423714717,-0.0025002610804820105,0.0020968408812769164,-0.024177044784760876,-0.029339642162460548,-0.0010370277450111823,-0.0004515779166125327,-0.0006964107961350932,0.00037458822240027715,-0.0011247528005284386,0.0001596024576189962,-0.0027617941561616237,-0.004788194891322515,-0.008570457150026979,-0.007043144827795868,-0.004568711249274937,-0.0006486988702299354,-0.018367188580424226,-0.018410364105460767,-0.01840521623396841,0.007258324152183388,0.009045962475735117,-0.0008933568561589974,-0.007443229163852604,-0.011978105160890097,-0.009071464533235594,0.014680333047968295,0.022254257995404737,-0.0213521579144884,-0.012094877643840013,-0.012725065560814944,-0.0007488803425078404,-0.0021441380839329715,-0.023069229627846497,-0.010805221702318873,0.04943884315231108,-0.0288700627548031,0.009375166395819428,-0.005363988721275679,0.007538368662809919,-0.003754641160940619,0.006979219784576194,0.020123995011034873,0.0022780501709768718,-0.01501785174835186,-0.0009683077565199627,-0.000808335657494239,0.01444450864165779,0.0009821099812195588,0.02184767852181408,-0.02773729973734526,-0.0008401273875791173,-0.003105506351419334,0.007587525192288142,0.005911651720666381,-0.030893767807316157,-0.04253862595213494,-0.06883485298811362,-0.06882696820375198,-0.03745749591570368,-0.03909659541976553,-0.02652029510878028,-0.02309544625474939,-0.019755061336037473,-0.015684828798883128,-0.020954527077858245,0.05292577920673781,-0.029535645836281602,-0.021715276385549615,-0.03403697191863453,-0.023050844357250737,-0.015673176640841155,-0.02614181167459623,0.10041185245004991,-0.00487574506440945,-0.3015323105386185,-0.26906073292559624,-0.5468234373235284,-0.5465342479905242,0.04880662240835018,0.057524712003963564,-0.012826906812005484
HEIGHT3,-0.013993515724901902,-0.027827181036058767,0.0056262465151253865,0.004616579416485764,0.06298979497416142,-0.012621349330212766,-0.030029356921213078,-0.019169958360754,-0.04921652126828754,0.004430934336996211,-0.016884886249245994,-0.01092279990633171,0.023837659825903055,-0.039255065577492726,-0.02637295353438422,0.028099496684471686,-0.014220876509762713,-0.0372922799935695,0.07343245983484471,0.04713163416354442,0.4358218302343813,1.0,-0.019507093660036404,-0.011535435740463482,0.05726832709863896,-0.012208068345482487,-0.017455671854442148,-0.029522420241867797,0.010630696660617342,0.01394915723807852,-0.005078024409089638,0.004419141994836561,-0.014442358416436957,-0.0057608648242645395,0.0025915513704346015,-0.0024644852580230398,-0.006931898583350612,-0.002037909502404578,0.0012815168084431366,-0.01641563121493223,-0.02072355224727731,-0.002630156641959137,-0.007170950181677396,-0.0006655200475699089,0.002330741020887326,0.0010754113125955747,-0.0034268332012928043,-0.004295368046986878,-0.011535264028601784,-0.018020148687095106,-0.015108040390895987,-0.0062731268196259396,-0.0027601765857499755,-0.02226797449719151,-0.022929400137371162,-0.021857464735788496,-0.0008527685313656434,-6.977552425906379e-05,0.0018786467429694283,-0.015527827391981934,-0.012871609533742147,-0.01593760828312059,-0.01015800568081919,0.01808752864776686,-0.018813112403471954,-0.013683130551028388,-0.013724333448405863,0.005091946591882816,-0.000349763293136779,-0.026945040261504665,-0.014336642452104123,0.05468618894899645,-0.0332638765501969,-0.0015676723930136184,0.0005731528881507016,-0.001315103887151249,-0.008338779770290116,0.02403524607008699,0.01587571505822373,0.029621052761159054,0.03567771804149922,-0.013918033952992787,0.02886750069396451,-0.019664297830232536,0.024991990564439195,0.048648329279523436,-0.0021074367670138013,0.025470457202578824,-0.04659088195017596,0.034812169347157064,0.047270019989055216,-0.031039844305411304,-0.052550800322654974,0.006819444343931084,0.006823467649521805,-0.0291040079560799,-0.04018482850170163,-0.03171634278302268,-0.03160236602776145,-0.016962362722140724,-0.01865546641450383,-0.01721206763993378,0.05291502293726246,-0.02605036316614818,-0.02454019662353754,-0.03324861320395627,-0.023113018384604993,-0.01899006534488454,-0.028095393483400257,0.17795102072266075,-0.06566518791793348,-0.6704703834370263,-0.4787505411841513,-0.20795384773113365,-0.29281390040544414,0.019279257300874528,0.032906907710539966,-0.04887012317850621
FALL12MN,0.0007914841877072497,0.030362960933265744,0.0029484243566615534,-0.00023587828720923845,-0.0425412164904397,0.17116334755961043,0.09608625498354391,0.16309253614845032,0.054629068339260164,-0.02133027072600699,-0.03153685556510097,-0.017802785666667667,-0.017166535107204114,-0.03317584507433437,-0.017985342119797226,0.021037652741050208,0.06999518172103737,0.03729973360205072,0.024782464034454364,-0.04766696041384057,-0.014076793343047567,-0.019507093660036404,1.0,0.521134543297773,0.047488745033591455,-0.013189063645889157,0.013021778556293042,-0.01604142167316762,0.02541808548212692,0.03019076335143537,0.010328545674378528,0.025822716848362407,0.03327988314956537,0.025013723995016765,0.00927842237368022,0.009626392130494618,0.012617868909467513,0.004938452389375634,-0.0006331429660580862,0.013609173094605171,0.014562966771764257,0.008234923494586316,0.008456802849083764,0.005280064130308764,0.0005389188608075557,0.0004546001713754016,0.006148223370047983,0.00730834496331518,0.023467047649610055,0.022865806418871006,0.02001464461928494,0.008836894397275528,0.010623966026056118,0.09282613497806635,0.08711770817487488,0.09670901896841104,0.006733023553237192,0.004608912638885261,0.007685487141932541,0.01768436185355584,0.0032488393745368255,0.006692370476965877,0.0031929539858230153,-0.0005591622135940886,0.01514590383300031,0.0032154196271288378,0.004169324089460688,-0.0029911896006517375,-0.010882849620576684,0.008265543058068679,0.0062755451436966045,0.006191460878763889,0.008070637917408707,0.01787215898332284,-0.030157869224189247,0.01722025802055176,0.019486743326973772,-0.024749384283091407,-0.008281215868480234,-0.019061925128458602,-0.03857488478637571,0.0007066020227412136,-0.018438953177773255,0.018533055288918014,-0.015634854081216964,-0.011403130528077015,-0.0244907158941338,-0.013867933723750447,0.021474251034773753,-0.012716047501741988,-0.029249558076660558,-0.05732603576302183,-0.04421396974326594,-0.09551387658396161,-0.0955170362386195,-0.027396562199950007,-0.02312521155434573,-0.022554034166240963,-0.013124882522530844,-0.0048246846868622625,-0.002353909180749328,0.0018701066493554792,-0.0024296536379384585,0.0009320976655796043,0.0028471613697104584,0.0023695298240304424,0.010939967280078844,0.011979160753157478,0.015018049166337777,-0.005213857709440201,0.097567624060569,0.0345385337199869,0.02992855385101091,0.032445565531936456,0.039119802220020455,-0.03542236119661145,-0.03406717482047894,0.09829178894956378
FALLINJ5,-0.001112928282686928,0.014719842001619854,0.0021417861843218656,0.0026509717398884467,-0.02110076174993867,0.1506907690893873,0.09303377149116833,0.15070530170699495,0.04216911806853456,-0.019533343305710393,-0.030866911496829602,-0.02221299054603611,-0.012652352311764023,-0.030935304223288714,-0.020687664683992142,0.013664190953192872,0.04931441815499015,0.01784340679238763,0.013941516670209956,-0.02641442089086546,-0.005722530426170141,-0.011535435740463482,0.521134543297773,1.0,0.037239501277257676,-0.007393484471047502,0.01345762820256625,-0.012126225609436936,0.01556560552846214,0.029045542162533352,0.009349568034320615,0.01624704074876006,0.021172122343152685,0.017253757688863496,0.006944316171807111,0.00839285744886431,0.009192999478318607,0.004459312236713353,-0.00031510908162142153,0.0017067597719790967,0.0019334540968081867,0.006269807760147494,0.008149632699675908,0.0035150019187754765,0.0005327119866023852,0.00014329164338117235,0.008441095192881297,0.006424126929596711,0.01809684531754572,0.01390925766415765,0.012180884866322498,0.009751830666314142,0.007010534940117585,0.069196523674132,0.0621403728725818,0.07120591590928589,0.007311085768342605,0.004668344869960905,0.009691756906671765,0.007785122736579359,0.002235135846856778,0.0027045378357805853,0.009494496581014178,0.0007931558497331055,0.013101452198926005,0.0031708392523150035,0.004595021361123949,-0.0028228510712360213,-0.006901229320246691,0.002614175357710523,0.0004926481997157058,0.0009812926653869538,0.0004612788776485808,0.007610231118753543,-0.024772055711590565,0.006826250366580374,0.0073804236995465705,-0.014013730645921233,-0.0047283789137124764,-0.00914311917078272,-0.018659380354617842,-0.0011525366255854621,-0.005379212892650838,0.00957570045794589,-0.003937800602815961,-0.006652682360291113,-0.012971085242822674,-0.007141654559488306,0.0073412306945122964,-0.0037973423418937867,-0.016154693680111396,-0.05100320919195311,-0.040283617649551386,-0.05664435151703032,-0.056646760918438545,-0.03024007054086902,-0.02508564512030082,-0.021620341647688095,-0.012947783812190921,-0.009121684695817618,-0.00322955274865689,0.001020936479218395,0.00017295466738377017,-0.007804020677944442,0.0012431570429239692,-0.004810485858260772,-0.0014381127692328513,0.009291340567029656,0.004274343862113723,-0.0035017445849334153,0.058203133009239336,0.01821926529768467,0.013854001877065794,0.01902774700854622,0.026974551239126104,-0.025021307994193703,-0.02240749632647266,0.07245179012544338
ALCDAY4,0.02094376759060792,0.07827190939064,0.004596561053120519,-0.005919839001152147,-0.054221097345194695,0.11553592654862892,0.022616895260694415,0.08743520693570302,0.07805351309154357,-0.06044212665108611,-0.05497379159650952,-0.04630011901890576,0.015574321438444144,-0.08871290851033177,-0.0521830498923832,0.09005676362119129,0.1293549817673634,0.09734402038169385,0.052277073862705914,0.004887013107405509,0.04312553130273232,0.05726832709863896,0.047488745033591455,0.037239501277257676,1.0,-0.47753848162189844,-0.16974900179843003,-0.47072155296444335,0.06961209649505377,0.035422304732166315,-0.044986297628208875,0.03237379011504168,0.018305962042652252,0.02719623962761971,0.0027857361134715373,0.004315484668153129,0.007839609937646468,0.0087496804352796,0.01800764879406212,-0.004650509121388548,-0.010046758573611864,0.008506223706845522,0.005168328744385699,0.002605919268640901,0.007846709236190276,0.006171310466767669,0.0012122660237924973,0.0035829770577927448,0.016555950349062192,0.021734189394814692,0.014341823278147096,0.006453557552892815,0.007248721326855747,0.044229935174051306,0.04110155217353641,0.043631739126416526,0.01933966831889685,0.018368082798778395,0.046745981760821065,0.007325442954319604,0.022948856493815017,0.020412733412060985,0.06491496215268722,0.028962687958297473,-0.021930587939313802,0.034519099771501645,0.03509100922260823,-0.0022652826861323423,-0.009332824482127878,0.016358968044074523,0.10339542926679256,0.03465666473744365,-0.014752236195556953,0.052857957928270416,-0.03600621982367021,0.04607841698419723,0.052785589111752504,0.015418805790001367,0.008314340708095053,0.02958812509354705,-0.09580795385628842,0.02071436058310599,-0.011152595211202336,0.04784885313310061,-0.0047990869647357316,0.01869073950639137,0.006825217289293604,0.01441601815461882,0.03649425892605359,-0.010730895162169055,0.0014360420425230801,-0.12172602146530688,-0.1247543188769522,-0.10421237470307976,-0.10422158046734045,-0.08632494012813947,-0.08099440836213156,-0.05209998458318722,-0.04805262849518721,-0.029814555708827233,-0.019578836394476155,-0.025485398164721396,0.033043076939329216,-0.023641425387176195,-0.015707163512564733,-0.026241072105432778,-0.005553301905777891,-0.0021519151231257513,-0.005364083997980784,0.023437994241003582,0.09042629811201645,0.07392757168740675,0.09613311528045947,0.058901212224707095,0.08517513039449032,-0.3226876458328389,-0.2808210356520002,0.11218516246572985
AVEDRNK3,-0.0008784245899479613,-0.0907439898197193,-0.003998494333459212,0.014200959473910047,0.07825241166130445,-0.05576522841784969,0.04016505373843702,-0.02904579416424348,-0.05359905440262733,0.04527320571479884,0.026654536370176125,0.04895341340351295,-0.0054599135920332525,0.04453763035469733,0.04088743718804654,-0.04293002580281901,-0.09179262566639527,-0.10684290778074557,-0.04871550523967565,0.03702831582261088,-0.04381300348970265,-0.012208068345482487,-0.013189063645889157,-0.007393484471047502,-0.47753848162189844,1.0,0.48444636255075224,0.7334493952895234,-0.033688761607277115,0.031023470494740905,0.14353503474185658,-0.020744325044459208,-0.016546668933560646,-0.013377924953766001,0.015408906340609672,0.0057422847642310945,0.009144684692288964,-0.0027378320641502315,-0.01014893355884194,0.006002046201604152,0.010944431675798876,-0.009800632995163856,-0.009181358520994042,-0.005294322005615762,-0.0049909320786928986,-0.0038442519792310187,-0.0029848973000993935,-0.004344153905933628,-0.01539386962960901,-0.023099043023628033,-0.0157896454170538,-0.004127288566382305,-0.0024951928246950924,-0.01655765255942016,-0.015385608420403077,-0.016499606273893772,5.4592558832204824e-05,0.0009574182259545775,0.0005298600319946385,0.00951186661965669,-0.00418193286842585,0.00020473607377813167,-0.04479416062671616,-0.004669894687918322,0.0540709557857487,0.001115104822770431,0.0016560638508237606,0.003487781497068026,0.01768979202627225,0.004440868268738415,0.015039221672769982,-0.010524158849573377,0.03900006064221407,-0.0021583844448408826,0.06692882625322276,0.003443982093040065,0.009666867000898085,0.029105546661279614,0.006686746026219096,0.027168064307390213,0.1053921176627829,-0.0006214400473429099,0.02233560164152354,-0.05997352590922949,0.013169157586278875,0.01085804686364865,0.03758380087102902,0.012484575238445938,-0.07708141839772724,0.0026163748947646047,0.019291447811185074,0.05173210619742358,0.061167668634091545,0.187128912326681,0.18713055852410232,0.07992807502690391,0.06189246209078487,0.023016310142621735,0.025462104698243608,0.027422776920273846,0.024483818115209447,0.019174579466260718,-0.02217621502292307,0.013310508408233031,0.014324576568661264,0.018058453369711278,-0.0162382551914619,-0.012273581010523353,-0.019124479340960936,-0.014640589438964735,-0.15039767485362118,0.10048440162581508,0.13050099267170068,0.11689397438783132,0.08099451939004533,-0.10549744753471157,-0.13926481414214728,-0.0733018684438695
DRNK3GE5,-0.004063385220625692,-0.050928214079899795,-0.0002863737027472538,0.014523129657574173,0.0380057922570681,0.00023330033564470762,0.06795329731363141,0.01836115795985433,-0.02123300518974727,0.01758712827153764,0.005892529877397454,0.03629805007893506,-0.001599577074692424,0.009269214296208665,0.02108217197051661,0.002917446416651229,-0.0439750527153503,-0.05737702349105936,-0.011162607162121196,0.02153900959732837,-0.028220962870312387,-0.017455671854442148,0.013021778556293042,0.01345762820256625,-0.16974900179843003,0.48444636255075224,1.0,0.5403296496584838,-0.030300836630004137,0.02272194993282387,0.18013340090324928,-0.00830614902562966,-0.011030731043346355,-0.0018490485096600002,0.011429740048938075,0.001275669879042555,0.009775801636614739,-0.0023047905513565595,-0.0038906707484826293,-0.002622124891987448,-0.0022531552534328664,-0.009030178097625378,-0.010406583688769329,-0.005404156014290206,-0.0015284895870833438,-0.003161159755749454,-0.004300909499267669,-0.005148816987895558,-0.012873669194531978,-0.020421581951776208,-0.015157254289264557,-0.002870467644802205,-0.002462960733024107,-0.0001608648830819825,0.00013793569581088474,-0.0005015142142656086,0.001806234425334646,0.0021876522386612084,0.005142810422898199,0.007632152012723,-0.004064376714018827,0.0016752491567502133,-0.015671946870548834,-0.005483002780675596,0.056962977312738014,-0.004222181480055503,-0.0034173447251623365,-0.003364928876438789,0.0060983112645820025,-0.021710595803151343,0.002259499042894534,-0.004032001824216876,0.010784206517412027,-0.0038955491988135176,0.03507785086167857,0.0012023148223762323,0.0015482359758569417,0.013644801062047148,0.004247549179624382,0.014513121830914888,0.05616725011064493,-0.003923293745982862,0.006415957163390161,-0.03566212472238575,0.001020857807393236,0.005313023996799314,0.016372518541724116,0.004074774829228117,-0.05352065844577093,-0.0052644282227877525,0.009517657924046772,0.0014748826874595774,0.007502147006525771,0.10678496072820653,0.1067843878256633,0.04691287617083567,0.028370489059642102,0.004592916120594045,0.007268536551697137,0.023165033634411233,0.01916620080835384,0.006290316187536055,-0.008386918260816428,0.01159211595041028,0.010590316220739835,0.014597645258234067,-0.01283122125981252,-0.010803963929136505,-0.01574762946645266,-0.008792421727293467,-0.0846301147334571,0.05172265249079632,0.05936364052460046,0.058790886745910584,0.03609162032370469,-0.011065516213561865,-0.015901989964359164,-0.012108419401272077
MAXDRNKS,-0.005796494038900245,-0.10014412496328864,-0.0038469917215674504,0.01681802757382003,0.08500095583895899,-0.06307655401672135,0.04519989260330616,-0.033708726203722505,-0.0683605284978173,0.05582564088183019,0.03604244014641383,0.059782686926622815,-0.015299886569465085,0.06228720948513522,0.053820035665663055,-0.05651981714298874,-0.10293142769686475,-0.11812953172107975,-0.05421864173535592,0.039922920137712814,-0.05649073780482626,-0.029522420241867797,-0.01604142167316762,-0.012126225609436936,-0.47072155296444335,0.7334493952895234,0.5403296496584838,1.0,-0.038472829237446805,0.026233582945829004,0.1585071365832056,-0.021036153575600347,-0.01871609062315953,-0.01511160804127682,0.014315426633638358,0.005006308296659257,0.007811623483900321,-0.004375541347167424,-0.010819566028866221,0.0064451291967434115,0.011319310970703185,-0.012914851468508369,-0.012122954896798455,-0.007475985737404652,-0.005476147647659162,-0.004350639490057113,-0.006400636579085213,-0.007714454631261585,-0.019516254539360962,-0.026662170130021645,-0.017692931807710668,-0.004350443316013152,-0.0032823003324898483,-0.01984975826420665,-0.01808204911505793,-0.01916606061188878,-0.003210470647369408,-0.0004091453910114654,-0.0025484566704704168,0.0070738257554247555,-0.004920270899646601,0.0005987937438352127,-0.05056630386738779,-0.003181474913972384,0.06668139891797749,-0.003671852455424195,-0.003027330304485323,0.0013182611053684822,0.01915008529602478,-0.00039917170605852505,0.016022797777771856,-0.010918103619206188,0.051703236720111234,0.00030840199719050885,0.0803581093542137,0.006391991432464377,0.01241067213792906,0.03386576196514047,0.007876978322586242,0.028910498631080583,0.11712725119582021,-0.005512167317617828,0.01730305546353533,-0.06549535528520722,0.007567609640768881,0.00924793765253931,0.0445635203705439,0.011952378283058366,-0.0867734832576943,-0.0009732384567727229,0.015131650265417414,0.0710094980188434,0.08442712191285207,0.2191538023050334,0.21915313061785546,0.09573325382348506,0.08057072928901132,0.028844011333366882,0.0328489853623866,0.03153532578705137,0.029564138672461406,0.020338953875456048,-0.03240255310330035,0.01505295890003485,0.017096242416632216,0.0209596053857693,-0.01943950495025856,-0.015662349613064033,-0.02345202263342479,-0.024508360045232935,-0.17581539267239826,0.11809396280682426,0.1419713104477996,0.1256970066531512,0.08137511503155602,-0.09229719907743647,-0.11934450104389195,-0.09003295949854931
FLSHTMY3,0.004646910897764262,0.05646309026709827,0.0003674991997565326,-0.0047274611196349075,-0.063027296400951,0.028714119102452886,-0.015472106201633794,0.014282820137360607,0.030230863468619553,-0.007923188480047047,-0.00278201118910031,-0.014045425104111747,0.00034689380000042525,-0.01188698965331611,-0.014703057460456338,0.019072732413482462,0.06276337045061639,0.07264107308401234,0.02051625194993989,-0.054553876870950486,0.011812487302677125,0.010630696660617342,0.02541808548212692,0.01556560552846214,0.06961209649505377,-0.033688761607277115,-0.030300836630004137,-0.038472829237446805,1.0,0.03492175086863751,-0.007063414139671951,0.015369383120226371,0.03131295828076785,0.023749600195080926,0.004211255470040099,0.007668628744847442,0.010798286272803072,0.010574602941306195,-0.003856542928342136,0.018266135725901536,0.02060042716920275,0.014067492794833786,0.013149002015642343,0.011601395779603212,0.0037351788694626967,0.005468174473067207,0.007720298697967429,0.0065745175296400855,0.026142718785906953,0.036396618828605364,0.028345560507006033,0.006973557645729096,-0.0014745894344575959,0.033145378060894744,0.03654658394210391,0.03790196097676448,0.001981985087494798,0.004576455412521801,0.010139418796721202,0.02780031108161469,0.0023785347963884915,0.012630063586564062,0.00831165063141047,0.006470691067993763,-0.015404213514587279,0.015712199349780163,0.015373205717262011,0.024835931249450553,-0.005039560821111677,0.06922355250168791,0.046290867707900765,0.011630068546670811,0.02265365931843393,0.04489084977974214,-0.01840078315716172,0.04399852866213503,0.03576528603029032,-0.020601041028860716,-0.0026096506027549985,-0.017408251395696087,-0.07068639138664919,0.0044662521820785905,-0.020807621885335994,0.030750052731125764,-0.015356668898324788,-0.007459512407950496,-0.029002468523750515,-0.013228346634564504,0.058215999110207084,-0.007426270303851754,-0.026690398383617562,-0.017431202927887426,-0.018979554087593338,-0.12282410203930279,-0.12282939476597118,-0.03788152531628279,-0.02744139582220235,-0.012017069826299426,-0.01801110213713304,-0.018518790275753122,-0.01764973673626923,-0.012172399959356784,0.014948280181664518,-0.006151951409628677,-0.009275288401418445,-0.009937044631100967,0.016600785721778574,0.010831940899106923,0.018564856616307922,-0.003039141699076899,0.10829712296838095,0.03407306389517602,0.03273166358086458,0.006361628277904694,0.017182056428557337,-0.1003963810203945,-0.09822795465714364,0.07699288480282808
HIVTSTD3,0.020844722495861716,-0.052817462603182624,-0.003179420485341213,0.0011456827976792777,0.03075201188142515,0.051564945858850034,0.06209989293024183,0.05623721741919975,0.030443284428262832,-0.0036048516563616526,-0.0050403347518677075,0.002082976800793454,0.01485496449006917,-0.012760081812067352,-0.00816752813424658,0.01388090581589394,0.0036217632039061178,-0.06315740430134446,-0.019301821902741635,0.04049326794442488,-0.00028680259983283077,0.01394915723807852,0.03019076335143537,0.029045542162533352,0.035422304732166315,0.031023470494740905,0.02272194993282387,0.026233582945829004,0.03492175086863751,1.0,0.003974553186104964,-0.0003620366878558202,0.001995731627633652,0.013722121701465053,0.009804415917566199,0.004426453409994371,0.006598811983904533,0.00893678545969813,0.013811418528403688,0.004019696342814261,0.0031811085007969805,0.00658076229696905,0.006454764719349088,0.0008833410932730254,0.0024022292287055676,0.003424177026316732,0.008034508618482431,0.00841032278822001,-0.010913260101602531,-0.019394673880541263,-0.011755322916185142,-0.002243180511356951,0.0012300822584843075,0.019244012545440167,0.017808898879873303,0.020352180102129327,0.012405281205437591,0.013445265682316979,0.0030970199488361233,0.01097163799839176,0.011040408267826164,0.015103514451470354,-0.009666282098333917,-0.01480837245322254,0.03191933911989302,0.009046726051771798,0.012033161967617991,-0.0031436750513572282,0.0011587347548396025,0.003154181823210815,0.025917676535283107,0.013535675908966394,0.02361854779214599,0.016768789090449345,0.03723183421712583,0.01429954185607072,0.013851706642527205,0.03315899870594038,0.011830152635971395,0.022803459370086987,0.0629576117783962,0.020992813007879748,0.026196946328997467,-0.03367876235460154,0.02163701735557158,0.020067134665305228,0.03639401708859933,0.014670997209352275,-0.0446219752823648,0.009593552580194419,0.007140484818550712,-0.013836559801797804,-0.022328557416088753,0.04429910723888578,0.04430345000268452,-0.0033262040915135673,-0.012510426738809925,-0.006477647917148943,-0.011769962884046739,0.0010197513250800325,-0.00341882236185474,-0.007085689424451919,0.009531068640528878,-0.006276095310452835,-0.010077585359724252,-0.010506150407054628,-0.016829958637487225,-0.01928021752420491,-0.0235933447864243,0.016793191548059257,-0.03960955708625445,0.04024949466876274,0.05471870107362725,0.05356480044202136,0.05269715092092881,-0.10070359852864233,-0.09449773207462724,0.010315314795277105
DRNKDRI2,0.0024710556611248517,-0.013000651110739964,-0.0001225487005861452,0.029989052770691173,0.014909217184645945,0.0021332787326306117,0.027022471779011077,0.00832742301536045,-0.00816974182189432,0.007603313809486297,0.0014441763680993786,0.011125801336306541,-0.002754329524306536,0.005519362527060069,0.00681026050561999,-0.000787335993708544,-0.009592046899651631,-0.015181436731464912,0.0012079753547688849,0.01909258671717955,-0.005996750902429614,-0.005078024409089638,0.010328545674378528,0.009349568034320615,-0.044986297628208875,0.14353503474185658,0.18013340090324928,0.1585071365832056,-0.007063414139671951,0.003974553186104964,1.0,-0.000490326079643406,-0.0025498442994831495,-0.00108596063629652,0.0013727265486108125,-0.0007699349979920381,0.00020152963077086367,0.002621081334326674,-0.0011098918416250383,0.001406545887308577,0.0016957018637722854,-0.0007688093707652194,-0.0013402375612825285,-0.0007846408357145792,-0.0007724792276598589,-0.0013575758860637215,-0.0009705981731365133,-0.0015756258158128842,0.0023429695927151464,-0.002174526216109439,-9.510755012379169e-05,0.0030486823309695435,-0.0010989331107638825,0.004057708722599045,0.0033176716341979974,0.003225297493007964,0.003548749480809175,0.0008478339541903415,0.00012280421063051746,0.001352356831451825,0.0012340017062377217,-0.0013811431800988343,-0.006767161667150879,-0.00028503919477118313,0.018778656449142037,-0.002767404949292599,-0.0026691962452513205,-0.001503599596715015,0.0006072263425895729,-0.004161488881710498,0.00047855021091799244,0.0002608121769275019,0.005150121563809758,-0.0027596747587297914,0.007922929374286859,-0.0006950383278443983,-0.0006229446176914678,0.0008381053665040093,0.0009282886244307375,0.004554358434065254,0.014481405108540119,0.0025069342877941116,0.0029730277137265514,-0.008911856845137879,0.0011471616271545321,-0.0006557094108076998,0.005101836455017255,0.0029656944681944854,-0.009433517101393236,-0.001011914374914643,0.003243299779635872,0.00102091237746282,0.003237970406703935,0.022664830618815444,0.022661342471829722,0.014097443382022231,0.00863592913367722,0.0030784711379383814,0.0014964368709554662,0.0059449061874369295,0.00954853343676712,0.007519624569767227,-0.0011410259463238456,0.00407266365714712,0.006299915160043191,0.006674050723744129,-0.0002649259229805977,-0.0025978772363468676,-0.00169077705318171,5.8332051059246244e-05,-0.017579640505408826,0.015087273139727277,0.01730803534556973,0.021598458715659862,0.01057315240939556,0.00018413661083739545,-0.0005812368292863887,-0.002256874970467277
CHKHEMO3,0.005187086909157964,0.02146360453566382,-0.00018642230158648416,-0.004046207887653701,-0.017734405630201396,0.04277244035475285,0.009249473797690082,0.028006724900075154,0.02107873893069622,-0.011928169285584116,-0.01623795849985068,-0.01144648644521531,0.0021619556558204345,-0.020089162774108982,-0.014119995282480818,0.016834971928283187,0.19474871909163535,0.022012836461114065,0.012326609066031613,-0.01674817060795929,-0.0004526376636213506,0.004419141994836561,0.025822716848362407,0.01624704074876006,0.03237379011504168,-0.020744325044459208,-0.00830614902562966,-0.021036153575600347,0.015369383120226371,-0.0003620366878558202,-0.000490326079643406,1.0,0.009088837267951793,0.01108245148019147,0.028613025133449103,0.02652856965876454,0.025918802818778394,0.020666737434210734,0.012005772990737374,0.025899862218098934,0.027238540413405385,0.01122309240763892,0.009068177164707918,0.0043697926887051215,0.004298617997575853,0.0023992323976206177,0.004215090681915768,0.004211221781168587,0.021138845660587918,0.024434940021775972,0.020363308414433384,0.008430071651382957,0.002369991220440568,0.022050988044406153,0.022380939945234678,0.024475588676825408,-0.0021719775562089043,-0.003158039460152828,0.00026073558328250097,0.010759738477668548,-0.012462018304614807,0.011457717222003016,-0.007755944007496747,0.021556313551785965,-0.0013755118615821106,0.011016459573547122,0.010463524989769525,0.014245140349086844,-0.003146287074686484,0.028425236165326426,0.0255713093704175,0.009614031045192867,0.011080599818517065,0.023544505520384885,-0.004407685871344304,0.020779936107338456,0.02681053483043618,-0.003297868645017554,-0.002360977861369644,0.00028857410193585764,-0.02629094973971309,0.005129049834048141,0.006694457809812516,0.01555243813168272,0.008189806144416518,-0.00043638256847101855,-0.0039804056866621345,0.004101776082566446,0.011295995816512519,0.016024138522018963,0.008953004688887243,-0.026247780977161603,-0.02569219262780712,-0.040507047473667464,-0.040508458164088476,-0.017394887813342363,-0.018346344411674757,-0.011524100662521143,-0.01158084944316147,-0.006252448572361256,-0.007201228957323176,-0.005756018956531279,0.0025250373092667137,-0.0035923148416382496,-0.0053611029259298965,-0.005769577174103203,0.0017141908000311437,4.279834956191799e-05,0.0012984153323894656,0.007788921279640172,0.038217899194135804,-0.002978540556942864,-0.004216850791656348,0.02192767201291544,0.022132907111914932,-0.006204380185998475,-0.002936105788945695,0.08277515340180987
ARTHDIS2,0.12786902335753392,0.061358694242206684,0.0025068444933963744,-0.00866292492208493,-0.06740320912403858,0.05199035385752019,0.0014697965409144326,0.03280682515346567,0.03407553531004026,-0.006788538084656723,-0.00015216730541181198,-0.0007335716098384386,-0.009827924249341754,0.0017020405518674928,0.002030729175413072,0.01033922023011845,0.04109601529520765,0.07874616145812637,0.01867877035692837,-0.05640907775960852,0.004054426583968788,-0.014442358416436957,0.03327988314956537,0.021172122343152685,0.018305962042652252,-0.016546668933560646,-0.011030731043346355,-0.01871609062315953,0.03131295828076785,0.001995731627633652,-0.0025498442994831495,0.009088837267951793,1.0,0.4091963874029223,-0.027659100704527827,-0.023932002752121737,-0.021106741620923936,-0.011270112390865476,-0.007624171049730688,0.0351237390481286,0.03562321711049908,-0.022260975757007948,-0.02489856486427844,-0.010146008995736871,-0.0033145650539613248,-0.005145055470147148,-0.012368809326950394,-0.01458040539835153,0.06005900980008451,0.0746197257122212,0.05788075662656794,-0.011291859448124613,-0.00407010931609122,0.10133109282104108,0.10335711171151651,0.10506877576760439,-0.020626948198198825,-0.020969417646190935,-0.05542543525628122,-0.00846330417549981,0.08113984856286718,0.012464944804821517,-0.026284898151470358,0.08963402122540068,-0.0086012412985457,0.07652477631269859,0.0772288153446628,-0.0113252079563477,-0.006406473617873536,0.052726461751272644,0.048703367989153465,0.010374114405809426,0.02682991923604624,0.04731756474267974,-0.015343969308859225,0.04953001087261739,0.047383209600939384,-0.02816172729390658,-0.007071814290917822,-0.025352654675800782,-0.10383417239684478,0.12769816927272498,-0.05843403684448103,0.037801176209325625,-0.054765098922291276,-0.012649681529735918,-0.03239091623491737,-0.023233427000572526,0.057175035460292116,-0.06601378412675679,-0.060135712239163495,-0.014009683457649677,-0.004996021618000562,-0.11507568075528926,-0.11507584000354543,-0.006877988628067656,-0.0017744051328268237,-0.005055980892544616,-0.0018114150576721293,-0.0021246619949451865,-0.0005470878197451568,-0.003267746330990902,-0.0031712696964941805,0.00906335384695622,0.007113147978998961,0.010714014797140068,0.02465598905533618,0.019548406066388625,0.02956303948374221,-0.012536744757752037,0.11469245143001276,0.02464573501407446,0.016000314913210027,0.012688920549576653,0.026122402113980918,-0.03891137205258098,-0.040553340046682866,0.07641995264256858
JOINPAI2,0.04449154694886174,0.023874496088975367,0.002112305340802616,-0.003756124306750354,-0.032952999565464575,0.053281715770530154,0.019189282779327094,0.0409285261460956,0.023432602611538744,-0.009779185792372505,-0.007485450184442424,-0.00309433641804978,-0.0028315679313074796,-0.009769330169518886,-0.005958650111975464,0.0168282410635584,0.024742155880355252,0.034839563154748315,0.014041536657584404,-0.027066067719434365,0.004260719778455646,-0.0057608648242645395,0.025013723995016765,0.017253757688863496,0.02719623962761971,-0.013377924953766001,-0.0018490485096600002,-0.01511160804127682,0.023749600195080926,0.013722121701465053,-0.00108596063629652,0.01108245148019147,0.4091963874029223,1.0,-0.013982821508611952,-0.012098619054948653,-0.010670332483567493,-0.005697508810099093,-0.0038543343862970335,0.005882300834563772,0.0060293549806348075,-0.011253845667036319,-0.01258725625380957,-0.005129227964701473,-0.0016756499794889689,-0.0026010387343938083,-0.006252945637689852,-0.007370999093075381,0.018555588107768306,0.020445654964521876,0.014957835668481797,-0.005708502848670563,-0.002057608911273354,0.06470175528065222,0.06363162534155094,0.06342620550563245,-0.010427777027312665,-0.01060090952408403,-0.028019854170416927,0.008248863066510266,0.02888311169562538,-0.00016477552520932886,0.035165838004899294,0.05637634268711979,-0.0041496210864774815,0.09097425482550865,0.09230966851449497,-0.005725361901430359,0.005020422696110155,0.0036047954393216082,0.04456115471096969,0.009703089869883764,-0.004875277999988072,0.008406995007083869,-0.014895591455054116,0.009520894391910912,0.005719094556544918,-0.008992316086665161,-0.0007143230305623404,-0.007364082982954022,-0.04789009909409529,0.04441551807218675,-0.018256284500826666,0.010983587859131123,-0.017367008777361984,-0.0031827812237624964,-0.011856135319547793,-0.008817935025358522,0.019638931755212145,-0.024556603297054773,-0.023232287752778562,-0.025748159879055363,-0.02228278988115932,-0.05490210924500736,-0.054899879752349126,-0.014706849052903355,-0.016152347615548967,-0.012787475290432766,-0.009581133435155622,-0.005940374405623283,-0.005845168062480748,-0.0031302027773286913,0.007872715032064619,-0.0023498782412018572,-0.004149200950940363,-0.0041589688010817746,0.004738014593824258,0.0013223245179649977,0.004281192233300192,-0.00342158273749291,0.054682924532946924,0.01064241412857257,0.005729245592919522,0.00794469149483327,0.016689125041400642,-0.019005425736442257,-0.017125073586152107,0.04833867645392339
LCSFIRST,-0.10560143799412235,0.02122750623862766,0.0029141330773534103,-0.004000049607097187,-0.012099953243091308,0.01769203588520248,0.01104025528711602,0.014702770726766162,0.014869155410218944,-0.00510575132896428,-0.003682901188878594,-0.0008992698765020771,-0.00012080889221562538,-0.005700117063971895,0.0003545632917821343,0.002656205214654564,0.012174196275274983,0.0245553571061165,0.005639394086241843,-0.013613775442829596,-0.007284426452919577,0.0025915513704346015,0.00927842237368022,0.006944316171807111,0.0027857361134715373,0.015408906340609672,0.011429740048938075,0.014315426633638358,0.004211255470040099,0.009804415917566199,0.0013727265486108125,0.028613025133449103,-0.027659100704527827,-0.013982821508611952,1.0,0.7990626831512728,0.6676939216989406,0.22456400999650009,-0.004811831197993182,0.06450873539280388,0.07588427232913601,0.1436496128542137,0.15570233487525065,0.0725916292914982,0.015891705743898404,0.04231164178665526,0.07989944694235795,0.09095648170531695,0.05084774997397101,0.0580462751547402,0.051425486251022466,0.05493829809888782,0.01201243955033901,0.023158373389092875,0.024472793109066745,0.024315801806607116,-0.013018253684507968,-0.013234395893732763,-0.034980568613806426,0.021771656200331196,-0.0200081533261314,0.10852567563827832,0.012351707171784871,0.08611855779973503,-0.017467459343793422,0.1689308861786235,0.17203203419982704,0.10841592716847127,0.017566680819042363,0.06970114625963633,0.09875489239792017,0.021908762882885967,0.05833763101718098,0.06210792147942693,0.028612977461796883,0.061977025252726074,0.07380973688366495,0.015248495947889008,0.00047791305375303377,0.01695870644179196,-0.023724144402939067,-0.10567001730592089,0.029580409089214253,0.01421783026328004,0.03154813134099862,0.007352618590153473,0.018423191748944703,0.047738514196896675,0.015955449409654453,0.13826072848428067,0.08209384258778345,-0.012828952926980625,-0.009392425198322786,-0.027776942247202376,-0.027777716223997096,-0.001347917941905346,-0.0001645907948294879,-0.005074708596016429,-0.003916379002965435,-0.00029855720176223146,0.0024288950319933385,0.0021662385908080887,-0.00027893806386513557,0.0021983990244035943,0.0030164397697960603,0.0033723914725971222,0.005172825115017253,0.002960452900793143,0.005546304742243041,0.008376196982675044,0.030076265269601006,0.01490751881066915,0.02198271842778788,0.011733328189838467,0.009913902606882881,-0.027910620097297535,-0.027974485088710428,0.02713295338280639
LCSLAST,-0.09012732825361543,0.02514307342585244,0.0021590231090971397,-0.0037128019342118805,-0.019064876347663608,0.01971479421435906,0.004034814245204946,0.014313083763191806,0.01508392495876394,-0.006989684158504681,-0.004361502584385071,-0.003834347592394566,-0.00022462263670605152,-0.005250830156566687,-0.0002604436210630012,0.0014704156310050636,0.016262979183453506,0.030363238909447438,0.004050769892683774,-0.017970003301649665,-0.008214488778938081,-0.0024644852580230398,0.009626392130494618,0.00839285744886431,0.004315484668153129,0.0057422847642310945,0.001275669879042555,0.005006308296659257,0.007668628744847442,0.004426453409994371,-0.0007699349979920381,0.02652856965876454,-0.023932002752121737,-0.012098619054948653,0.7990626831512728,1.0,0.6284547217722929,0.22420948424133533,-0.004163431006065283,0.06886155663583478,0.07966509497979074,0.1491133158486829,0.15483110552809093,0.07685268266828835,0.019723437713690825,0.04627769950829393,0.08190046698898368,0.09301742124072261,0.05626985526321554,0.06491871862827202,0.05672644928692744,0.06005162950614659,0.01084906369416593,0.025658182682743967,0.02816693403338303,0.02791400456499773,-0.011264027935459607,-0.01145104471526293,-0.03026689382563506,0.028005153229525598,-0.01731202997454827,0.08649193734424773,0.009191091740468131,0.07479182622823606,-0.015113697641651975,0.14796361172402508,0.150489148367011,0.10490627632624328,0.007780139863993587,0.06914619520981455,0.08756937935738461,0.016911037005870582,0.04836221225850919,0.05300696691754625,0.015637584488834483,0.052184056329457794,0.0635940146602934,0.00783222622680359,9.768253660746566e-05,0.010091527449246478,-0.029446437736994426,-0.09020878178450206,0.022286819809313362,0.01629685346511106,0.02469576261858972,0.004043924224922402,0.01002333791128935,0.03376755342283503,0.02193109327890191,0.1171443671167984,0.062302150153653264,-0.010844318803941032,-0.007940652016954668,-0.041507364273941236,-0.04150655598926256,-0.003386700084498066,-0.0011384858917306566,-0.0031551611279893666,-0.0031227883806841084,-0.0024876188746709954,0.0003407979260614899,0.002067709249956425,0.0003404476248728377,0.00128342806144982,0.0021952488559592305,0.0022290054100141906,0.006697190777212823,0.004741539099847056,0.0077032666843558535,0.004849205757491808,0.041784286478174136,0.016184085290408722,0.019609886570065967,0.011912685448235292,0.01116193352636354,-0.025306024406671235,-0.02550175495376237,0.03532344706837255
LCSNUMCG,-0.07712583157937893,0.022557294659148304,0.0017853094668885006,-0.0014952707027767634,-0.015226549216291341,0.0217259625687303,0.008904261597730929,0.0169304236626083,0.014147645744685884,-0.005273460162876712,-0.006500522202140406,-0.001438501224059976,-0.0024292713008365547,-0.008183781783859928,0.0007138446323799757,0.008173078471692793,0.01915470142371489,0.025512864677796603,0.006294757215381407,-0.01560812099224594,-0.008324617423714717,-0.006931898583350612,0.012617868909467513,0.009192999478318607,0.007839609937646468,0.009144684692288964,0.009775801636614739,0.007811623483900321,0.010798286272803072,0.006598811983904533,0.00020152963077086367,0.025918802818778394,-0.021106741620923936,-0.010670332483567493,0.6676939216989406,0.6284547217722929,1.0,0.21171837929964316,-0.0036719226306197237,0.06947234202703179,0.08085295112826879,0.12674204421996932,0.13519249657991128,0.06360867881282295,0.01487759076630046,0.02734475354545613,0.0738624472168154,0.07964968480199947,0.05096618375010403,0.061344556846677833,0.05466965584871092,0.06015764154708019,0.012610614349699092,0.026769531229927812,0.029216298951034593,0.028583254423979295,-0.009934267921791626,-0.01009920668145052,-0.0266937754546689,0.02081212257555034,-0.015268281029012665,0.08891919909823794,0.011602916288752374,0.06647478520323248,-0.013329469930420093,0.13843393915694766,0.14198066369655138,0.09265516360896552,0.01336505965338226,0.06120017438482651,0.07665256531084826,0.012060077881175931,0.04074994660079916,0.045450169014929195,0.013040237632622327,0.045217638553637446,0.05402788199029936,0.005341967344894595,-0.0017280275868354527,0.007306149670036325,-0.025497412047703127,-0.07719235668235166,0.020149073822304627,0.016096582346126532,0.02224543649687735,0.00016952395550960515,0.009315902315816058,0.025184360572938866,0.017167857348591553,0.09667237971141515,0.05314440240610841,-0.015035914193397148,-0.011447845338531496,-0.0344447029929818,-0.0344458952254119,-8.137024962359648e-05,0.0005838014838488764,-0.00512658837469866,-0.0028332461965616174,0.0011081611766304061,0.0047142839213772,0.0027965236913626403,-0.001459592765173961,0.003968212625302233,0.005295677235588181,0.005997961464638077,0.007125591652523837,0.004466918415059472,0.007863687659954944,0.0001485223579504031,0.03361700054197755,0.020555776255965545,0.02121585060274845,0.018097629822393022,0.015014864984247643,-0.021864694382712605,-0.021776547276437436,0.03393040441282313
LCSCTWHN,-0.04193697671442573,0.017810655538169153,-0.0010085975343305748,-0.002008310508292198,-0.011632518084187271,0.010542297015709428,0.00032211713214070893,0.008446478005343514,0.01095824501963782,-0.0029304309199072874,-0.004619184166902657,-0.003366737268255797,0.0019984785379542755,-0.0052211508137742476,-0.002444524153612883,0.001877252847385522,0.011241475222774083,0.01995912089222037,0.005479899732655592,-0.012586475301603317,-0.0025002610804820105,-0.002037909502404578,0.004938452389375634,0.004459312236713353,0.0087496804352796,-0.0027378320641502315,-0.0023047905513565595,-0.004375541347167424,0.010574602941306195,0.00893678545969813,0.002621081334326674,0.020666737434210734,-0.011270112390865476,-0.005697508810099093,0.22456400999650009,0.22420948424133533,0.21171837929964316,1.0,-0.0019606522636644143,0.051257659376078187,0.05770540333152974,0.08278102002781682,0.07929122493764203,0.045209570128573205,0.019176057634876342,0.024653163039522752,0.048893390348017915,0.04981586527119069,0.04309953688080839,0.04464656634523254,0.03910009358662064,0.032838009487503886,0.020166794354977223,0.016971882513225445,0.01825127884472326,0.01813174878549379,-0.0053044812889811,-0.005392551650212584,-0.014253353497841738,0.0031372560180981356,-0.008152619968669195,0.042586841358930455,0.00721711381985433,0.03650777313106803,-0.007117376377866112,0.07615795112605529,0.07652023499958652,0.05610241283008519,0.0012153178564141122,0.03707081095256012,0.04294708490972341,0.009561409400691258,0.01739849389606616,0.027824549274401766,-0.0006226758335323131,0.02555677893145549,0.030885348921681603,1.5734937912318485e-05,0.0006269384554354236,0.0012853543477605541,-0.020936159209856815,-0.04199031041111533,0.008747025405926222,0.01223032856472307,0.01041628166136719,0.0013928987059322708,-0.0026600216205144105,0.015334470467643108,0.014606500723065642,0.05324252957214132,0.02664460215827338,-0.005396068744660107,-0.00841355764529235,-0.029970406464599756,-0.0299700847600639,-0.0027044634378959693,-0.002946172922957603,-0.004351745272431185,-0.0031400728048490826,-0.00198780199869048,-0.0014922270555652506,0.0005942039575155684,0.0036234301554407644,0.0001496345283437428,0.0004003927634676643,0.0003464324703140608,0.0035284082192093527,0.004217223350496246,0.0050470564899829885,0.0018285063946687056,0.029772291129693505,0.008775052741707503,0.008678468005515711,0.003005495427711875,0.002900082174699019,-0.010724448641861185,-0.009903897052428773,0.023384595797585502
HOWLONG,0.10379971932702153,6.496134246681083e-05,-0.0006823108639364882,0.000262896371062089,-0.004733339119142811,-0.00185176239316885,-0.003940234969104621,-0.004568100789637942,0.0005396971057126964,-0.0013353504646076387,-0.0026915893876476218,-0.0016610369766560194,-0.0008395740508363032,0.00014258398833510134,0.0052603180235365485,0.003992284912884297,0.014959621195812406,0.00035926672672195834,0.0015799629220235923,-0.0076167446969211,0.0020968408812769164,0.0012815168084431366,-0.0006331429660580862,-0.00031510908162142153,0.01800764879406212,-0.01014893355884194,-0.0038906707484826293,-0.010819566028866221,-0.003856542928342136,0.013811418528403688,-0.0011098918416250383,0.012005772990737374,-0.007624171049730688,-0.0038543343862970335,-0.004811831197993182,-0.004163431006065283,-0.0036719226306197237,-0.0019606522636644143,1.0,-0.005517038441554133,-0.00666690228394764,0.1046252915233768,0.13860453863625125,0.017475114234718453,0.028171697937646317,0.04844442726760038,0.06177294623795254,0.06641741885012364,0.007783563844476906,0.01481996258315656,0.006305440845368099,-0.0019644355814845632,-0.0007080735991970897,-0.007644359765069779,-0.007922251080179271,-0.007786006500739002,-0.003588453360062912,-0.0036480324907009793,-0.009642317780956231,-0.008603479386403714,-0.0055152040182814294,-0.008512295166148735,-0.018225826991290228,0.02533711143098058,0.01095914956514726,-0.013440106072582954,-0.013633537290324464,-0.0019702371942697614,0.004739346014987591,-0.019550122632609215,-0.03541028396997689,-0.00529005791804491,-0.018299856385884772,-0.020320374248770395,-0.01355936662700636,-0.020055570619346243,-0.023174997386267732,-0.009325212152969846,-0.002756890682898928,-0.008852430414538271,-0.004997068226746195,0.10379134483743335,-0.02255789510264072,0.00030124192863682797,-0.022503275298832174,-0.004150427741393461,-0.01088494176963972,-0.0050746082615079425,0.002516967511564492,-0.022747144157360157,-0.017124783846474555,-0.003587442023729651,-0.0016117217033398187,-0.019058793813653652,-0.01905682684962888,-0.007203682653027905,-0.002685369451169753,-0.00257053778555614,-0.0026535838772740322,-0.00290317342166255,-0.0006681955795866411,-0.003698118738796855,0.0017010992531943311,-0.0019335674761091605,-0.0004342328604565456,-0.0016366219822340202,0.00047142415615624334,0.0001096965001758951,0.0004133933396007447,0.0015875839049636709,0.01443213459086949,-0.0033172946787780656,-0.005919875918601733,-0.00797355497653798,-0.0007553109949083495,-0.007902986915017752,-0.0065042134980773875,0.009943595744694146
PSATIME1,0.005891646135268587,0.04637723698401639,0.00126406681493355,-0.00865301414579188,-0.041117187843335914,0.0055575805291904045,-0.03246439582618324,-0.00621445052475589,0.01664132135774064,0.003313350717892167,0.005530670722264364,0.009129909405958599,-0.0017141722916919537,0.004746629661610454,0.008967420969026042,0.005439290286295991,0.038556582675412995,0.04998953425074566,0.011685025117546216,-0.04658939501792172,-0.024177044784760876,-0.01641563121493223,0.013609173094605171,0.0017067597719790967,-0.004650509121388548,0.006002046201604152,-0.002622124891987448,0.0064451291967434115,0.018266135725901536,0.004019696342814261,0.001406545887308577,0.025899862218098934,0.0351237390481286,0.005882300834563772,0.06450873539280388,0.06886155663583478,0.06947234202703179,0.051257659376078187,-0.005517038441554133,1.0,0.7325072319756561,0.07563860049213075,0.07901921142231803,0.03604233432514417,0.02050380876983549,0.018794156950132083,0.03912208939189932,0.03812494475498316,0.14155810684796682,0.180164963675212,0.15940799731823257,0.019609686158369798,0.015620997181840665,0.0438178526289242,0.04387528868528125,0.04163216808167708,-0.007529634842564572,-0.006933669610837157,-0.02430761770448077,0.02619515605465271,-0.0011937348353846552,0.005250861450580403,-0.021502602057717174,0.053417192103737424,-0.008365474868141005,0.026688410270261392,0.026541429582038763,0.04752187289282674,-0.007358277975368228,0.17146162952551375,0.09172619628599316,0.02222394748949918,0.07018590789974374,0.0941349729231028,0.024491930465214487,0.09372220348671104,0.10666391611312315,-0.014271536984335784,-0.004057457238849378,-0.015520858774867505,-0.060731715701033646,0.00576577684309833,-0.013451400775048462,0.03536711048517316,-0.008536371384311563,-0.00820731638040542,-0.015975756987578492,-0.00965610795805897,0.04376383703495053,-0.003820497684341354,-0.021403838741490454,0.006622347325808031,0.005785358095366888,-0.0989491363961101,-0.09894614450982066,0.010311721941247083,0.008341035226304229,0.004500550402020817,0.000961104683006803,0.006054076493871739,0.001403875494858575,0.0005621267069469442,0.003563285225228127,0.016637078781923675,0.009296301809263625,0.01741359133524345,0.029171005857378782,0.02159317499025925,0.034093965993326585,-0.009842076326959725,0.09393818737531971,0.05329384032849362,0.05584980620656866,0.06650144232201968,0.03440084304084276,-0.03127221041790328,-0.03462407774899358,0.05981690416830771
PSASUGS1,0.007160820123926041,0.051369080161669654,0.0010264792922352265,-0.01046783605518391,-0.044520446993227436,0.0018865413801245688,-0.04194532821535142,-0.011309171215539166,0.018760389445737307,0.004827535040880861,0.010832083314945713,0.01382409775846218,-0.0021378568230550326,0.012627518845460978,0.014742841100921573,-0.00017244461072868727,0.039956233909859536,0.05491579387598504,0.009979348904297757,-0.054944138957128776,-0.029339642162460548,-0.02072355224727731,0.014562966771764257,0.0019334540968081867,-0.010046758573611864,0.010944431675798876,-0.0022531552534328664,0.011319310970703185,0.02060042716920275,0.0031811085007969805,0.0016957018637722854,0.027238540413405385,0.03562321711049908,0.0060293549806348075,0.07588427232913601,0.07966509497979074,0.08085295112826879,0.05770540333152974,-0.00666690228394764,0.7325072319756561,1.0,0.09703820347329264,0.10284793366015295,0.049708405499844156,0.01605212594948618,0.02153470051093455,0.04912562910134265,0.05193496003462557,0.16721646383870764,0.21742090651004406,0.1957852704632566,0.02805502891254008,0.019523754398705524,0.04385993310776245,0.046671885712313704,0.04303237451469382,-0.009394856897627483,-0.010070591076995105,-0.02837113016021036,0.03215779462578647,-0.0013871028042603646,0.00570315171939414,-0.026522506849112098,0.06588262999325661,-0.009140481903799996,0.036326979855788796,0.03571286137086384,0.05709130843024863,-0.009288442177737383,0.2134150753935178,0.11208897341309235,0.025760354199874755,0.08416721191497958,0.10862893991105,0.03138918821487067,0.10726711563078214,0.12500469111902385,-0.016340171231980144,-0.003896859300247379,-0.018116861648692962,-0.06785255641351096,0.007021312654803163,-0.012294071338011015,0.040113016210207186,-0.006728888900468127,-0.008606330010775112,-0.018308328422061967,-0.010787156899366598,0.056081989043026755,-0.0007157544465662613,-0.024142433213667873,0.015869674503216302,0.015101641473702791,-0.11232814371368584,-0.11232828476223093,0.017994719996012674,0.015058279614040352,0.011585770716185797,0.004338547245110714,0.009909926060807865,0.0039047935930674586,0.004754910873656369,0.0032398425667325417,0.02265572765794149,0.013632727788692612,0.024296400031119023,0.03699325588483676,0.027707748111315645,0.043422821731236884,-0.011142416489322762,0.10980512956248477,0.06728122174096825,0.06914132095274439,0.08270603889704974,0.042594706971940274,-0.03758668797088909,-0.042078710916404846,0.06967974414372285
COLNSIGM,0.06970982674552001,0.007496290919373343,-0.001992204201841666,-0.004557329229299834,-0.007089970363357412,0.007036575897662961,-0.012020647967154845,0.0006309542928489898,0.005110423946117497,0.0009503170980965892,0.0059399618222602145,9.867130878278067e-05,-0.0020541430057375723,0.005650978349409723,0.00381495299832789,-0.0023395449359469075,0.02052203482795984,0.0046504248172555916,-0.0038366336867613282,-0.03071647917019089,-0.0010370277450111823,-0.002630156641959137,0.008234923494586316,0.006269807760147494,0.008506223706845522,-0.009800632995163856,-0.009030178097625378,-0.012914851468508369,0.014067492794833786,0.00658076229696905,-0.0007688093707652194,0.01122309240763892,-0.022260975757007948,-0.011253845667036319,0.1436496128542137,0.1491133158486829,0.12674204421996932,0.08278102002781682,0.1046252915233768,0.07563860049213075,0.09703820347329264,1.0,0.6408603097018336,0.5945972858968441,0.46127834664470746,0.1455094980630042,0.2945578255743386,0.3230313826575541,0.04941454024978062,0.05922070197620441,0.049566896430073414,0.10477764406851141,0.025186565912876466,0.04528653207385681,0.04912877211710653,0.04634506602565102,0.024241695915785202,0.02733196861360675,0.05043022931849381,0.000879038175795434,-0.016103235636384154,-0.02485411136425387,-0.054581116394143925,-0.0021337476299297946,0.014159201455319822,0.21557288513858885,0.21768842076757244,0.1875442903603026,-0.003747844611182884,0.0660276807008456,0.0010121336577026852,-0.015445856382107992,-0.053431731358818464,-0.05933121851210112,-0.03959049840242423,-0.0585580476143657,-0.06766611761716038,-0.01487552680613006,-0.004944825399113805,-0.014211891131021103,-0.020659106014090912,0.06966524106449284,-0.011788195474219745,0.0058324863393022,-0.006796907762756175,-0.006847447088357407,-0.016199633987778746,-0.006666800205847408,0.032882746256390705,0.008981196020276394,-0.008658820954412774,0.0025397186540745908,0.003733529727510857,-0.06592032963889324,-0.06591644741997343,5.782184218143853e-05,0.002316034581121281,0.0021727271215199882,0.0018797448102448302,0.001615002497436088,0.001358221967811294,-0.0008026301171877726,0.0018931396182714484,0.0071922816107708116,0.006185059844280938,0.0088259650054273,0.014523298201507691,0.013392902781069495,0.018493773179004955,0.0025085667315237884,0.06266857265498167,0.011840284648362967,0.010321613907150938,0.00020399248038246786,0.005474128212372858,-0.023258292156448982,-0.023360620567834677,0.030727785805296098
COLNTES1,0.07975062701971547,0.00831767392965733,-0.0022282502835406443,-0.003870304535676158,-0.009894387309668108,0.0027915058499579006,-0.016026878783466644,-0.0038579327815900415,0.0026683903736145036,0.0002206680260273057,0.0024847624903182367,-0.002746558839757447,-0.005604989304246737,0.008271769659786734,0.005001934185134132,-0.0014810297633775105,0.01657557674998994,0.006670674201454768,-0.0038129675966175726,-0.03664058219091492,-0.0004515779166125327,-0.007170950181677396,0.008456802849083764,0.008149632699675908,0.005168328744385699,-0.009181358520994042,-0.010406583688769329,-0.012122954896798455,0.013149002015642343,0.006454764719349088,-0.0013402375612825285,0.009068177164707918,-0.02489856486427844,-0.01258725625380957,0.15570233487525065,0.15483110552809093,0.13519249657991128,0.07929122493764203,0.13860453863625125,0.07901921142231803,0.10284793366015295,0.6408603097018336,1.0,0.34170006316084783,-0.0018831311156865416,0.1582288997852219,0.3123456413970664,0.33508978220064867,0.05352603396381273,0.06640277298394208,0.056581841599694836,0.11528796815518456,0.026741692800776814,0.047649725631770445,0.05082153005752027,0.04948617178437309,0.023380553037777106,0.02777720126939631,0.057898264342276476,0.0017402077551937408,-0.018011225626130566,-0.027798947840463658,-0.061016626120091615,-0.0015252704486676905,0.014214567451112655,0.24440503278413545,0.24640927932175563,0.21670775769974876,-0.004553375787753954,0.0745012521239421,0.0027221930409694617,-0.017275956867847494,-0.05976258379552436,-0.0663610709937198,-0.044281373972189376,-0.06549629103265776,-0.07568352964377213,-0.017296490006609055,-0.005989116629330303,-0.017103675486365533,-0.024548429203184233,0.07969726075332405,-0.013325736080952869,0.006011639558520419,-0.007746005616092631,-0.008134556054810742,-0.01872133553179982,-0.007464445324394812,0.03812377569227166,0.009633364660033183,-0.010685225659913096,0.0025579509034106508,0.006109728984657323,-0.07381713947998045,-0.07381040595217338,-0.002663636938545176,0.00341794611331916,0.0034375880412055083,0.0013849741362903496,0.0014604129963186126,0.001390243272551909,-0.0022024358829250508,-0.0010170507813767253,0.007487285924100804,0.005417605459561602,0.008576112094304027,0.015582128551773364,0.011411046684047554,0.018140914516894546,0.00011428343153540592,0.07135946817143617,0.016165296939008755,0.013280972668074926,-0.0006905239947992394,0.004811921520031029,-0.025554876972565494,-0.026702276280301255,0.030778629062087046
SIGMTES1,0.02456509207626938,0.0038331535269607387,-0.000907998012929259,-0.0025771233791690384,-0.005785260043723914,0.005097368431990403,-0.005519850763135572,0.0037817194990618216,0.004029956445415632,0.0011272170733679888,0.0025470652376185657,-0.0011710138222579339,-0.00047231223562483395,0.002474021272593852,-0.00014392114067405542,-0.0034772315881626977,0.00912915526300958,0.004060077380369639,-0.00042470901511442664,-0.016512478274040104,-0.0006964107961350932,-0.0006655200475699089,0.005280064130308764,0.0035150019187754765,0.002605919268640901,-0.005294322005615762,-0.005404156014290206,-0.007475985737404652,0.011601395779603212,0.0008833410932730254,-0.0007846408357145792,0.0043697926887051215,-0.010146008995736871,-0.005129227964701473,0.0725916292914982,0.07685268266828835,0.06360867881282295,0.045209570128573205,0.017475114234718453,0.03604233432514417,0.049708405499844156,0.5945972858968441,0.34170006316084783,1.0,-0.0007673641169301896,0.09592797831461523,0.20434727985088502,0.19373950280458807,0.029077275243950613,0.034133313048490606,0.029155319614172226,0.06566340514043992,0.013011397415885098,0.027822816025932107,0.03180317445153113,0.03014117580652842,0.014036787831521302,0.017859692879098145,0.027892800567750183,0.00375916183723545,-0.007339461459850561,-0.011327896864690297,-0.024900616397873228,-0.0064286928184289945,0.0034017424093247613,0.10774945917972925,0.10793818096107764,0.09103317900663287,-0.00036994986780194814,0.03402225638930468,0.0018163468989256743,-0.007039844053124589,-0.02435287801136527,-0.02704172015291316,-0.018044382120592364,-0.026689327743468227,-0.030840563573865172,-0.009032343525662082,-0.003594350946801791,-0.008290253080128186,-0.011997532391542144,0.024538240451317708,-0.004234454264683291,0.0009075923805832594,-0.002073722652213049,-0.0044164478268062645,-0.008983333685291488,-0.003752142866335519,0.019576564778488625,0.006193863055391891,-0.004634392963341475,0.001007973954358899,0.001660467801848853,-0.03711098123168616,-0.037109445720272985,-0.002210728129291632,0.0006905472246001794,0.002619310409690602,0.0009624737639101287,0.0010197408396954207,0.00015723483793333187,0.000980082450766186,0.00043974406086226027,0.00501330047512284,0.003273342202749685,0.005530145379346476,0.010256229751701903,0.00811280556609759,0.012286616204193253,9.939083524831697e-05,0.03442977945337154,0.0051687310629841,0.003716894726849344,-0.0014862389853784455,0.0010040927294104006,-0.009377578380485535,-0.01035751138582399,0.01681007931125002
LASTSIG4,0.014402708935282497,0.002133901730388099,-0.00029663077215745027,-0.0011618384448222959,-0.002633173508273598,0.002075661506478333,-0.002847140247962842,-0.0008351051361534771,0.004167707352648541,0.0005674032465308456,0.002134286493840739,0.0012440558523708592,9.047545688046128e-05,-0.0011508008472511323,-0.00013152678536501675,0.0020473296691156757,0.007397229399253261,0.0017043877882467668,0.0013038872564748228,-0.0031060138267870476,0.00037458822240027715,0.002330741020887326,0.0005389188608075557,0.0005327119866023852,0.007846709236190276,-0.0049909320786928986,-0.0015284895870833438,-0.005476147647659162,0.0037351788694626967,0.0024022292287055676,-0.0007724792276598589,0.004298617997575853,-0.0033145650539613248,-0.0016756499794889689,0.015891705743898404,0.019723437713690825,0.01487759076630046,0.019176057634876342,0.028171697937646317,0.02050380876983549,0.01605212594948618,0.46127834664470746,-0.0018831311156865416,-0.0007673641169301896,1.0,0.024520887330721258,0.0326391942633156,0.04155618442160627,0.0021540177823228092,0.004679584658590267,0.0032833026810992253,0.0031775147260409225,0.0007946588305103568,0.006038814208650756,0.005536816242875477,0.0047943685220053775,0.002363696548182047,0.0018075053638322673,0.007515725301223279,-0.0012262214642214677,-0.002397703617248774,-0.0037006719684911653,-0.008134697393740524,0.000563790911403096,0.005934692723163343,0.023851417513186805,0.024293501028911865,0.014809367787956272,-0.0009553734745427725,0.003899771981687715,-0.0035726429276037304,-0.0022998226291371764,-0.007955758609495904,-0.00883416727262041,-0.005894857615676435,-0.008719045398972964,-0.010075198465658724,-0.00021638414890922666,0.0015431871052698984,-0.0007946843232348452,-0.00355135726664348,0.014394975456210208,-0.0026263776366994675,0.0011622998609978846,-0.0019827076255170962,-0.0006894568695513228,-0.003088745938091739,-0.0013107538444436892,0.002176373878879531,0.0006426558135788146,-9.365178625593119e-05,-0.003148272317935651,-0.004013598074713671,-0.011617290340955107,-0.011622801268042071,-4.776583036061758e-05,-0.0017645313393040434,-0.003290689401176474,-0.001662315961425729,-0.0014701266449380099,-0.0006291635986538256,0.0003763990172360303,0.00440141393718546,-0.0008944316758608705,0.00011445826215436071,-0.0005681283745696171,0.0004231065234656505,0.0016765796366932058,0.0012785267820364671,0.005561508737613914,0.010326421139939736,-0.000741334927362311,-0.0002962993291894109,-0.0025901664331770156,-0.0010551395759979313,-0.002556510737452239,-0.001523342642616768,0.007268492832014378
VCLNTES2,0.020244480219589626,0.0006955136268232226,-0.0004604470728606234,-0.0012495007573305867,-0.007128649113359403,0.004321075870669049,-0.0040830995757685515,0.00032556335292061614,0.0006900015611251501,0.001557770052023313,-0.0017334285826497869,0.0005592733116492746,-0.0006566519860823592,-0.002830842343969416,0.0009423149971122716,0.0002722759188164741,0.00985338935375389,0.0035276091371700367,-0.0008677927342868791,-0.007654817355065689,-0.0011247528005284386,0.0010754113125955747,0.0004546001713754016,0.00014329164338117235,0.006171310466767669,-0.0038442519792310187,-0.003161159755749454,-0.004350639490057113,0.005468174473067207,0.003424177026316732,-0.0013575758860637215,0.0023992323976206177,-0.005145055470147148,-0.0026010387343938083,0.04231164178665526,0.04627769950829393,0.02734475354545613,0.024653163039522752,0.04844442726760038,0.018794156950132083,0.02153470051093455,0.1455094980630042,0.1582288997852219,0.09592797831461523,0.024520887330721258,1.0,0.2577182448404285,0.2894955597799186,0.020438324409880543,0.018016597577405462,0.011054998443524236,0.026566934987665724,0.006775429293775052,0.014430868355445641,0.01372802798757069,0.012230674212755737,0.004606269323505141,0.007084968723609477,0.007565687854608713,0.004317938099683569,-0.0037218512567655966,-0.00574439247525103,-0.012627137691455417,0.0024239614152008807,-0.0007679005989612208,0.04305039656550102,0.04282763274127221,0.033194092628944565,-0.0014829847781552073,0.013256031757721954,-0.0014665575787605625,-0.003569914847279417,-0.012349378783209117,-0.013712894425128071,-0.009150331620442185,-0.01353419573733653,-0.015639293281211195,-0.004699777916478696,-0.001860445600724995,-0.003916134475120969,-0.007491814418098566,0.02022756654289184,-0.003782341378714884,-0.001801713723120292,-0.0034183913166016986,-0.00258973493346173,-0.0061276603149056814,-0.002693338950227213,0.006795264751345793,-0.0006191684515524228,-0.0035209845244403154,-0.0030109254641517225,-0.0020769331227368437,-0.01822460053223434,-0.018224016450854016,-0.0010161633328921447,-0.0008610587732239032,-0.001526527864119286,-0.0017053458101874788,-0.00046059000528248753,-0.00039997016026572656,-0.00021701787779084163,0.00012144989010538035,0.001162963683204287,0.0008096102013811887,0.0013129833549278302,0.003674095965015318,0.003242468481904294,0.00459478219493488,0.002228405445234602,0.017786148518036365,0.0013118511908754914,0.0011822311686654136,0.000232551677014306,0.0011608157275240028,-0.006682346525664333,-0.006011150899718672,0.01073480896559222
STOLTEST,0.039141117899044474,0.0039046875338471006,-0.0011069233524128826,-0.001902011382280351,-0.00914664392680096,0.003102151914808229,-0.00801363599437263,0.0007611105914133407,0.0021158878618435578,0.0021712241205886795,0.0030486050852647235,-8.740387216381398e-05,-0.004475439900909681,0.005231801142385497,0.004589975212007911,-0.003976498188171303,0.009673603573653924,0.004924497398239817,-0.0033656604707561887,-0.018917817820974764,0.0001596024576189962,-0.0034268332012928043,0.006148223370047983,0.008441095192881297,0.0012122660237924973,-0.0029848973000993935,-0.004300909499267669,-0.006400636579085213,0.007720298697967429,0.008034508618482431,-0.0009705981731365133,0.004215090681915768,-0.012368809326950394,-0.006252945637689852,0.07989944694235795,0.08190046698898368,0.0738624472168154,0.048893390348017915,0.06177294623795254,0.03912208939189932,0.04912562910134265,0.2945578255743386,0.3123456413970664,0.20434727985088502,0.0326391942633156,0.2577182448404285,1.0,0.6881958022824468,0.026269364876598252,0.03515079978815371,0.027536460923114764,0.06542922740674642,0.01164828474579684,0.02435199825845512,0.02599008254155898,0.024381095768369672,0.016698495794708983,0.017310663424332285,0.03935063123343615,0.006161066237534752,-0.008947399849294144,-0.013809626667351688,-0.030341991508571295,-0.010085995492143923,0.013508089548096788,0.12338683178084817,0.12576668260855509,0.08591241895853348,-0.0020833944800831565,0.03015281682284405,-0.004822550286353109,-0.008582141886642731,-0.029688136962191313,-0.032966054000610395,-0.021997567907344105,-0.03253645902168466,-0.03759715278599892,-0.010097115637186821,-0.003645941735278473,-0.009812051423768755,-0.013827569035239231,0.03911058377490341,-0.007143567888433044,0.0015809158683138774,-0.004802472347486693,-0.005297782929202602,-0.011103427776828453,-0.004686700759134347,0.014573354359362614,0.0025726772348969953,-0.007970186231176669,0.0025048560645479184,0.0056057955166825355,-0.03712144829620662,-0.037116792756083844,-0.0013699215391334157,0.0022105438611777026,0.0025551400223633187,0.0037736220711975595,0.001042597600329017,-2.7625374293549487e-06,0.0009563360957649608,-0.0017646515484091043,0.005442842909628067,0.001960312540386844,0.005049158810439591,0.011202192233212107,0.005291558885942889,0.01136719363198121,-0.0038573771091081465,0.038011627084471894,0.007413655393840519,0.005308348894984983,-0.0008791035801404867,0.0025879293130151326,-0.012986024409722626,-0.013559680837530683,0.01831018793961149
STOOLDN2,0.04784918886382103,0.0017853417740172981,-0.0013048459877149682,-0.002259555752805719,-0.00676890224368317,0.004685525128559398,-0.0080471654116377,0.0014698450340983474,0.0027967606263493384,0.002143268937011831,0.004661657742508114,0.001337570863104756,-0.004129924641787697,0.006980223103878816,0.005057339054701929,-0.003949739947544924,0.010029212867457596,0.0019073398530522357,-0.003997421385447016,-0.019307949902515463,-0.0027617941561616237,-0.004295368046986878,0.00730834496331518,0.006424126929596711,0.0035829770577927448,-0.004344153905933628,-0.005148816987895558,-0.007714454631261585,0.0065745175296400855,0.00841032278822001,-0.0015756258158128842,0.004211221781168587,-0.01458040539835153,-0.007370999093075381,0.09095648170531695,0.09301742124072261,0.07964968480199947,0.04981586527119069,0.06641741885012364,0.03812494475498316,0.05193496003462557,0.3230313826575541,0.33508978220064867,0.19373950280458807,0.04155618442160627,0.2894955597799186,0.6881958022824468,1.0,0.02772241947350847,0.03683672353964315,0.03034813899956153,0.0671584472002153,0.014720591565196502,0.02899844194705482,0.028263460386093873,0.027158843684784457,0.02130349988221066,0.01925739809188628,0.043754900183985604,0.005862829523594474,-0.01054723325547659,-0.016278847048855627,-0.03574589822984195,-0.011687675177095265,0.01817112634568305,0.14329802382144033,0.14666882055716546,0.09632830759444733,-0.0021887768743709597,0.03310282262282202,-0.0067080506419484745,-0.010116665605053815,-0.034996502976837145,-0.03886052561789716,-0.025930827243654163,-0.038354117217196504,-0.04431968469666675,-0.009344305347720133,-0.0027965469208977908,-0.008942907275117196,-0.012204009532185443,0.04782332222589049,-0.00863778611968127,0.0003193834451050312,-0.0062176406105123915,-0.005106090925708109,-0.010770259435530885,-0.004143359599494795,0.018698704300039434,0.0028151381341468946,-0.008100696189376594,0.003476040081235851,0.0069530882599191345,-0.03889337016009412,-0.03888750252251751,0.0009710187587551257,0.004751029989453253,0.0041299644096318595,0.0037296840882946993,0.0018476062511511274,0.0006534541082535357,0.0006378433601605089,-0.002660034415018321,0.005904513357276498,0.002973896422654593,0.005985138772671999,0.011157343453288315,0.006509891169242115,0.012034470184576155,-0.0025143304273927435,0.03857665370404214,0.009027454138836825,0.007480351521624716,0.0022340924303638886,0.005507552022480264,-0.014809603131895263,-0.015492414355695804,0.019642614362966
CNCRDIFF,0.014241590332084917,0.06020421525847305,0.001602305437951709,-0.008048545577966797,-0.06043589847375718,0.03514684624346265,-0.01097362067583161,0.01773924017957933,0.019100648504196845,-0.004216292551458839,-0.006499166783448825,-0.003600696630113325,-0.009556508178824995,0.0011402153168634315,0.003553524698389472,0.005599462341938641,0.03424431907941076,0.07639877906697527,0.01120582410348053,-0.04879598818388095,-0.004788194891322515,-0.011535264028601784,0.023467047649610055,0.01809684531754572,0.016555950349062192,-0.01539386962960901,-0.012873669194531978,-0.019516254539360962,0.026142718785906953,-0.010913260101602531,0.0023429695927151464,0.021138845660587918,0.06005900980008451,0.018555588107768306,0.05084774997397101,0.05626985526321554,0.05096618375010403,0.04309953688080839,0.007783563844476906,0.14155810684796682,0.16721646383870764,0.04941454024978062,0.05352603396381273,0.029077275243950613,0.0021540177823228092,0.020438324409880543,0.026269364876598252,0.02772241947350847,1.0,0.60886662976257,0.538333807052784,0.14774794608345923,0.06862329149363415,0.05621676157081707,0.05652838114338103,0.05438117199728152,-0.00800972772074993,-0.009076371844109697,-0.021880148324953372,0.015461631744243339,0.058127989493551975,0.04900085521378633,-0.0073446611978712365,0.048709781665318724,-0.001997109900819368,0.06011578824811162,0.05951267348073419,0.03260377721839149,-0.005360225842540657,0.18406059680859505,0.08836378344939916,0.01516132787259241,0.05892074238084959,0.08896309498151107,-0.0015686048919142585,0.08835608642032089,0.09114670032248803,-0.018807537129123652,-0.006013851776577056,-0.01576758238766071,-0.08682510221584559,0.014062680720722597,-0.022050338472065296,0.03725643155746101,-0.015954640671160727,-0.01007418750569462,-0.020538802950836665,-0.010758400975341306,0.06395173238456997,-0.0022856131487864187,-0.023397525191388657,-0.008572280057465164,-0.0034525156444134572,-0.1089840501005437,-0.10898445322012115,-0.008664037144967641,-0.0028730820687301317,-0.001440430747102569,0.0010875011704954045,-0.0014644564794093593,-0.0009673808411819965,0.0011011755220660796,-0.00026577061631608245,0.009408650471405452,0.007033824919168246,0.010912288070980299,0.02469521979350125,0.020019615716872666,0.029863161246769444,-0.0158310284965348,0.10104973248671457,0.023666454939117343,0.019516628588486448,0.0051404000860745085,0.011829946196488882,-0.033315988945077604,-0.03451833282864963,0.062061314420490635
CNCRAGE,0.022369649812536366,0.08226055733505147,0.0022894123201528636,-0.011300130003059,-0.08449180396017464,0.035707075559976174,-0.02304949853152391,0.01435324431712654,0.026357513615777744,-0.009344264945042409,-0.007984191103392435,-0.006713971873094072,-0.010237573688299934,-0.0007564012198435404,0.003296599729105621,0.009301587373406016,0.04529776178275925,0.10624438911293455,0.01733579318306482,-0.06696090389250768,-0.008570457150026979,-0.018020148687095106,0.022865806418871006,0.01390925766415765,0.021734189394814692,-0.023099043023628033,-0.020421581951776208,-0.026662170130021645,0.036396618828605364,-0.019394673880541263,-0.002174526216109439,0.024434940021775972,0.0746197257122212,0.020445654964521876,0.0580462751547402,0.06491871862827202,0.061344556846677833,0.04464656634523254,0.01481996258315656,0.180164963675212,0.21742090651004406,0.05922070197620441,0.06640277298394208,0.034133313048490606,0.004679584658590267,0.018016597577405462,0.03515079978815371,0.03683672353964315,0.60886662976257,1.0,0.8061230050790696,0.19584501279134853,0.08082995980075053,0.06463402386699178,0.06659918839207853,0.06401895477262129,-0.010512678488588544,-0.011176870063800248,-0.026878071751352896,0.02108528029125298,0.07204309762259951,0.05608323607954232,-0.010094325537575255,0.061219008266443345,-0.007630291580741861,0.07240647969731889,0.07147745582811928,0.03403437201681439,-0.009557517476540569,0.23026456483129135,0.10948510178375331,0.012822506979816212,0.06951742435103583,0.10933353770827885,-0.008596868642775563,0.11001811225629056,0.11383347642101915,-0.02756033677128939,-0.00787823208267157,-0.02444946797998651,-0.11904728314413313,0.022119216995026544,-0.029067722272470124,0.04977380399621593,-0.021134318376766104,-0.013622524308134553,-0.03208276797564582,-0.016003446622165747,0.08614434239306651,-0.003612405240648425,-0.03195390054327543,-0.012006968058579516,-0.005916238160520222,-0.14884213664716522,-0.14884647070973642,-0.014026949365065693,-0.0050389920329280335,-0.0013889048215271242,0.0005947309451360332,-0.003436663020483399,-0.0017547384417052835,-0.00035495691502314755,-0.0014975741903798206,0.011217966490308264,0.009031141574086821,0.013397052684501403,0.032713462576326874,0.026983360970074356,0.039825975351252874,-0.021555650657506913,0.138503867412209,0.031633938314153,0.02472796164575018,0.0052259947789331665,0.014315967184881654,-0.04388591461213431,-0.04648644107235707,0.08118008336334633
CNCRTYP2,0.0169405303622113,0.06338115141069736,0.002751701647580222,-0.009511929862168663,-0.06348308031183227,0.031024205998990424,-0.015075062306082531,0.014465659299286301,0.02055315465515543,-0.007466444875372466,-0.004493865976174662,-0.003280719164734712,-0.008403239807460916,0.0009662527467431597,0.005181438425675654,0.005447034077831445,0.03563153283759646,0.0801212668007301,0.01141169646401937,-0.0527153270602724,-0.007043144827795868,-0.015108040390895987,0.02001464461928494,0.012180884866322498,0.014341823278147096,-0.0157896454170538,-0.015157254289264557,-0.017692931807710668,0.028345560507006033,-0.011755322916185142,-9.510755012379169e-05,0.020363308414433384,0.05788075662656794,0.014957835668481797,0.051425486251022466,0.05672644928692744,0.05466965584871092,0.03910009358662064,0.006305440845368099,0.15940799731823257,0.1957852704632566,0.049566896430073414,0.056581841599694836,0.029155319614172226,0.0032833026810992253,0.011054998443524236,0.027536460923114764,0.03034813899956153,0.538333807052784,0.8061230050790696,1.0,0.1732310897352712,0.06434500715912217,0.053739420004384066,0.0550354503254509,0.05317954987548636,-0.008497547543767766,-0.009176668883943334,-0.023398701137690294,0.01694226920459082,0.06003917563944354,0.04938888006306169,-0.009387914940845982,0.053687617109118575,-0.004702457695739666,0.06354872027523241,0.06360778633841065,0.030418838330516944,-0.007273721507887129,0.19762717109521513,0.09372235488622063,0.010926095750648544,0.0630101003803265,0.09243463541999128,0.0005673016882287282,0.09297551075948267,0.09661972298097342,-0.018482511767987486,-0.005324300038571534,-0.016712976246388293,-0.09145903109014267,0.016752127750892142,-0.02264873625685844,0.04008652993646904,-0.016418089454034338,-0.010081506799305362,-0.021411068148346545,-0.011611543560457691,0.0686585192287604,-0.0018443205136299391,-0.02585473506858949,-0.006096433152461318,-0.0012011894722595293,-0.11612651939629896,-0.11613094173006283,-0.0071914862709794,-0.0002320691593176711,0.0011406188233012674,0.0024984971495803088,0.0002535805357232588,0.00027511662238714383,0.0016409329880318602,-0.002695578690667349,0.01245789886438998,0.009307515469133118,0.014445314390040605,0.02893457870383592,0.023541678538332673,0.03503876772768744,-0.017796582450119836,0.10870787355004173,0.02943809393558381,0.02441738075193229,0.00933465493558777,0.013625293363885679,-0.03756290743069954,-0.04013981936129194,0.065927438709606
CSRVDOC1,0.026815827283401622,0.007356359349265137,-0.001010543746361948,-0.002240571188122904,-0.010166612258933014,0.0064289652119032615,-0.004824971788859964,0.005293151905425022,0.0035007750944508194,-0.00019319497620805563,0.0008918136727699321,-0.0011980469502519042,-0.003273778215253912,0.0028021455265785397,0.0012042330225897646,3.927642217172433e-05,0.013218077348025705,0.008884236977755143,-0.00351285312574362,-0.013061606217827487,-0.004568711249274937,-0.0062731268196259396,0.008836894397275528,0.009751830666314142,0.006453557552892815,-0.004127288566382305,-0.002870467644802205,-0.004350443316013152,0.006973557645729096,-0.002243180511356951,0.0030486823309695435,0.008430071651382957,-0.011291859448124613,-0.005708502848670563,0.05493829809888782,0.06005162950614659,0.06015764154708019,0.032838009487503886,-0.0019644355814845632,0.019609686158369798,0.02805502891254008,0.10477764406851141,0.11528796815518456,0.06566340514043992,0.0031775147260409225,0.026566934987665724,0.06542922740674642,0.0671584472002153,0.14774794608345923,0.19584501279134853,0.1732310897352712,1.0,0.050292794001833854,0.029124405311065017,0.0288533447200382,0.02846851773644072,0.014478701343447703,0.017023755930810798,0.038012757312762505,0.009731161687380184,0.039292606771264976,0.013256794923908577,-0.02762399928583626,-0.009906931836811914,-0.0020825461415123598,0.07536072342533447,0.07589830114352546,0.07095468248140845,0.0018284283277637825,0.01803976342387595,0.003304462982978644,-0.004536011627898167,-0.015376055939813603,-0.014466415062034756,-0.012761704899533901,-0.014079503381869848,-0.01639920573732905,-0.004643837285089536,-0.0025655849759932126,-0.00292684867858188,-0.015939907180048937,0.02679130764710226,0.014912965787845435,0.0048310367404310935,0.01757720408175633,-0.002591798586521893,-0.002016854226010587,0.006878100229973255,0.01138295984793254,0.030687685575111427,0.008042573377562822,-6.492826194937331e-05,0.001639765712739504,-0.03152904283033238,-0.03152483063149467,-0.0017088589186905038,0.0020455729024326376,0.001279025174788907,0.002007956584484146,-0.00012315566777903087,0.0005662974931846407,-0.001076148747090257,-0.0003953309079740739,0.002770858912709602,0.0028476248512526643,0.0036787503657625294,0.007007092995707006,0.006348811766269529,0.008857817026315846,-0.004949576685965697,0.029734804248425215,0.010091160703280274,0.008742667754664845,0.0027638293344004654,0.004289374140623079,-0.012631940311951566,-0.01356570853324833,0.02084460702137271
CSRVCTL2,-0.008595097274577036,0.0027879093639030027,-0.00036424678639340773,-0.001426675717953602,-0.004635443695148988,0.022965356020134286,0.011907052976216354,0.014962985586587058,0.0044311139724065845,-7.341445807642476e-05,-0.0005842427903660069,-0.000172003059108408,-0.004867087337628736,-0.0018691863635544525,0.002169947247361207,0.002345867955407521,0.004305459046323658,0.002521222515464024,-0.0017037554177537616,-0.00239787345976457,-0.0006486988702299354,-0.0027601765857499755,0.010623966026056118,0.007010534940117585,0.007248721326855747,-0.0024951928246950924,-0.002462960733024107,-0.0032823003324898483,-0.0014745894344575959,0.0012300822584843075,-0.0010989331107638825,0.002369991220440568,-0.00407010931609122,-0.002057608911273354,0.01201243955033901,0.01084906369416593,0.012610614349699092,0.020166794354977223,-0.0007080735991970897,0.015620997181840665,0.019523754398705524,0.025186565912876466,0.026741692800776814,0.013011397415885098,0.0007946588305103568,0.006775429293775052,0.01164828474579684,0.014720591565196502,0.06862329149363415,0.08082995980075053,0.06434500715912217,0.050292794001833854,1.0,0.01792327118603067,0.018729190756515173,0.020696098254986584,-0.0019156702224914625,-0.0019474761162826665,-0.005147482548987126,0.003225160875629048,-0.0029442523139277007,-0.0045442280388348156,0.019340555790216093,0.01288370641463081,0.005656232387712152,0.008783440983449076,0.010154523197947437,0.017860367484459985,0.004310542036038378,0.002972476103158269,0.013982751784935533,0.0026972488081897007,0.007103721442663393,0.011214614652697835,0.003078213818349223,0.008297653639794303,0.011713342078209584,0.002383861180438451,0.00029934469760619145,0.002205787819983003,-0.005346472830806344,-0.008603875264203613,-0.0003537648678370075,0.0018723543788232763,0.0002971966779591847,0.00014317701892582033,0.0019366460388144718,0.0005294351846076354,0.0028164568061998857,-0.00016259834460635668,-0.0016950338580166591,-0.005300047357592766,-0.0006540598167538699,-0.006153191616399677,-0.006151607362649614,-0.00042595341312498747,0.0013173345282952,-0.004302420954474491,0.0019017760321508128,-3.643356311914398e-05,0.003774942335215029,-2.1353445381267683e-06,-0.002877848195813279,0.0005049205956931212,0.004015431428080944,0.00276546093344729,0.001225860127340299,0.002975601104625709,0.0026220515907437493,-0.0032020667725245044,0.006949592320055542,0.0037940769393362246,0.003965735278830651,0.0013670570560356022,0.0026046950569952433,-0.005858845220278415,-0.005136784454785447,0.008171017039485794
CDWORRY,0.023875480229953495,0.03912235571010397,-0.001101136757666497,-0.007587098447950842,-0.046731672509679974,0.10776010650654008,0.07812920653327302,0.10238206647598416,0.04696936144076682,-0.01821412173551266,-0.022505349869082276,-0.014651943181390677,-0.011457365018524958,-0.020459094470355932,-0.011154861927304036,0.027762402956408833,0.058897993331954404,0.0507634469994054,0.015288320194860119,-0.05425894967357086,-0.018367188580424226,-0.02226797449719151,0.09282613497806635,0.069196523674132,0.044229935174051306,-0.01655765255942016,-0.0001608648830819825,-0.01984975826420665,0.033145378060894744,0.019244012545440167,0.004057708722599045,0.022050988044406153,0.10133109282104108,0.06470175528065222,0.023158373389092875,0.025658182682743967,0.026769531229927812,0.016971882513225445,-0.007644359765069779,0.0438178526289242,0.04385993310776245,0.04528653207385681,0.047649725631770445,0.027822816025932107,0.006038814208650756,0.014430868355445641,0.02435199825845512,0.02899844194705482,0.05621676157081707,0.06463402386699178,0.053739420004384066,0.029124405311065017,0.01792327118603067,1.0,0.8611938842166812,0.8402694272968341,0.023126508124705673,0.02258694637019573,0.0335337623068172,0.04356424805869251,0.04582454668429494,0.010361578307020386,0.009167486640556699,0.04814329963706275,0.015088670571026395,0.10520297800604667,0.10826186506064495,0.013827376033256723,-0.010505207958944097,0.0550733741088837,0.0406298103191755,0.002757270688531375,0.012587499079479474,0.02435450903389922,-0.028671607415222792,0.023286894255409432,0.024117407243080254,-0.01666560709242544,-0.0038042538928175808,-0.012765776087985101,-0.07736881159312961,0.023764049121854276,-0.011374092473064585,0.022542146187684364,-0.0071805354620452745,-0.008118879017693627,-0.01809988834721457,-0.006986880601331482,0.03246265999658112,-0.005487275948931478,-0.022724698424095507,-0.04164924929280532,-0.031202523236152205,-0.11508510980730702,-0.11509194806916037,-0.023516426824633754,-0.019155860907753352,-0.02352111371614095,-0.012734707920205904,-0.009005760099237963,-0.005917653186728121,-0.011957110601457465,-0.005406489062986747,0.0013538348846079788,0.0011782841601898698,0.0016697648557550127,0.01760968835575515,0.014276596573167584,0.021295418871029603,-0.009040741749339868,0.11346997883031908,0.03472345943955972,0.028325143852957556,0.025532261835769503,0.03825782733696977,-0.04949120081748704,-0.04874803579477671,0.09499802161880208
CDHOUS1,0.02549184756206782,0.04133419586887288,-0.0015114620593493495,-0.008510100812206043,-0.049302426493890945,0.10430107403632044,0.07675232105731454,0.09657693164169383,0.04508569164937257,-0.017853958791231538,-0.020979444480736752,-0.014848920658232238,-0.011817555877897401,-0.019171211151070226,-0.01105490396718683,0.029309283886059953,0.06074994172670178,0.0536221113578188,0.014439915846342929,-0.05804106686750965,-0.018410364105460767,-0.022929400137371162,0.08711770817487488,0.0621403728725818,0.04110155217353641,-0.015385608420403077,0.00013793569581088474,-0.01808204911505793,0.03654658394210391,0.017808898879873303,0.0033176716341979974,0.022380939945234678,0.10335711171151651,0.06363162534155094,0.024472793109066745,0.02816693403338303,0.029216298951034593,0.01825127884472326,-0.007922251080179271,0.04387528868528125,0.046671885712313704,0.04912877211710653,0.05082153005752027,0.03180317445153113,0.005536816242875477,0.01372802798757069,0.02599008254155898,0.028263460386093873,0.05652838114338103,0.06659918839207853,0.0550354503254509,0.0288533447200382,0.018729190756515173,0.8611938842166812,1.0,0.883852819254302,0.02438211811822184,0.022685524587980486,0.032580684179012144,0.04629068315917181,0.048523468178355005,0.011611615293951235,0.011256286143034503,0.05171319660084433,0.013310110157069737,0.11149463613119824,0.11484390485237413,0.016807026998470767,-0.011395316087418299,0.06230183064902024,0.04520276040814071,0.003142214360506485,0.014300114014844692,0.024311196393399466,-0.028656856274400153,0.023336197459252226,0.024680576637928303,-0.018961269006662045,-0.005095604048475107,-0.014873324507929508,-0.08123028536704228,0.025373733137099275,-0.010983737586693543,0.023734353221601733,-0.006393421558893,-0.009442456342527982,-0.020199105411240804,-0.007659585492950387,0.03599476417548968,-0.004755675655113107,-0.023579182894483845,-0.040420584022657746,-0.029911740264464273,-0.12010662263418947,-0.12011224306864932,-0.023257970756576055,-0.018090425170967425,-0.023695767683128255,-0.013005064280119967,-0.009143995925632498,-0.005765399953404934,-0.013000221085051613,-0.006333998406219935,0.0014217553442359126,0.0015821540388957316,0.0019601117203966586,0.01791562754997321,0.014986116509729076,0.021930770568076262,-0.010307827038628118,0.11814441693435468,0.03522492555411086,0.02894054619774496,0.024109329167209995,0.03799689553529888,-0.0506457708387803,-0.050328141330995245,0.09529645590584156
CDSOCIA1,0.025407481992405462,0.03897040457253905,-0.0013578427886508182,-0.007811305592731547,-0.047211856803041116,0.11048475334389535,0.08294390936280858,0.10372947343364425,0.0462375887388343,-0.01950868536743088,-0.020650343823589403,-0.014322726472272321,-0.01256436965410072,-0.01986317069107265,-0.01131018593563766,0.030784382190704642,0.06175723701444487,0.05110250787386111,0.012779363789563215,-0.05532026828456219,-0.01840521623396841,-0.021857464735788496,0.09670901896841104,0.07120591590928589,0.043631739126416526,-0.016499606273893772,-0.0005015142142656086,-0.01916606061188878,0.03790196097676448,0.020352180102129327,0.003225297493007964,0.024475588676825408,0.10506877576760439,0.06342620550563245,0.024315801806607116,0.02791400456499773,0.028583254423979295,0.01813174878549379,-0.007786006500739002,0.04163216808167708,0.04303237451469382,0.04634506602565102,0.04948617178437309,0.03014117580652842,0.0047943685220053775,0.012230674212755737,0.024381095768369672,0.027158843684784457,0.05438117199728152,0.06401895477262129,0.05317954987548636,0.02846851773644072,0.020696098254986584,0.8402694272968341,0.883852819254302,1.0,0.025276525155064875,0.024796138621588713,0.03356094835619246,0.04470979241285305,0.04634752762895064,0.010813963615895438,0.010457678622095415,0.050324020717157775,0.014267889831173346,0.10909509309120258,0.11278787206738645,0.015983622946338802,-0.011234591197697147,0.05902763896522321,0.04276083436711263,0.0032183281617932154,0.01312767641362844,0.02343142450912105,-0.029156854681746003,0.023977482129709418,0.023921633500609,-0.017882221439150414,-0.004573266462824427,-0.013849198903386074,-0.07822408513999686,0.02529550578592257,-0.009175772357280926,0.022000263396807235,-0.004491253966578965,-0.008578000251591065,-0.019296657790583597,-0.00726082827203746,0.03323840876911455,-0.003921737342258848,-0.022479961449913505,-0.042982841880661087,-0.03167489733791112,-0.117135088795098,-0.1171417883631602,-0.02518836928691792,-0.019393271048438288,-0.024153588496657455,-0.013133292125267843,-0.010017307940873986,-0.005818586014821438,-0.014353164992298623,-0.004921619316282031,5.222724248379716e-05,0.0011978190471524778,0.0007549060628654212,0.01623702347015698,0.014161476700050647,0.02020920065993161,-0.009258352551099748,0.11532532423753873,0.03375235532231505,0.026926305290552847,0.024266338494401844,0.0384929674263968,-0.049712860450196406,-0.04950383147563417,0.09643801967897449
CRGVREL4,-0.040315755214764645,0.0012971649502988977,-0.0004034583108928047,0.00469823856798398,0.005669478372701375,0.00968785908957934,0.018847828185961448,0.012106836100551932,0.011431990535733967,0.0005461699544524204,0.008074136999335967,0.014268511555071405,-0.003738305768798087,0.009411700466564464,0.01145441803456771,-0.005775180032146444,0.005174297532026419,-0.003980224389570733,-0.00036989653891130684,-0.0018638898843510465,0.007258324152183388,-0.0008527685313656434,0.006733023553237192,0.007311085768342605,0.01933966831889685,5.4592558832204824e-05,0.001806234425334646,-0.003210470647369408,0.001981985087494798,0.012405281205437591,0.003548749480809175,-0.0021719775562089043,-0.020626948198198825,-0.010427777027312665,-0.013018253684507968,-0.011264027935459607,-0.009934267921791626,-0.0053044812889811,-0.003588453360062912,-0.007529634842564572,-0.009394856897627483,0.024241695915785202,0.023380553037777106,0.014036787831521302,0.002363696548182047,0.004606269323505141,0.016698495794708983,0.02130349988221066,-0.00800972772074993,-0.010512678488588544,-0.008497547543767766,0.014478701343447703,-0.0019156702224914625,0.023126508124705673,0.02438211811822184,0.025276525155064875,1.0,0.5256789408264666,-0.026086978909712278,0.009754992744555801,-0.014921206101692685,-0.023029739271934378,0.06810661238407892,0.007983758327329183,-0.0012376922920828166,0.01627379830375962,0.017517076179465966,-0.005330413008742999,-0.005945407270186413,-0.01531292807502803,0.01669856675302533,-0.002204693095533269,-0.024807343138977603,-0.023922555391029752,-0.01819164972763917,-0.02419260131564101,-0.028396203641818375,-0.007198708424333544,-0.001355905758200696,-0.00514267182656821,-0.01043156410708039,-0.04031391900034053,0.006868849870431094,0.003455390344656698,0.006949407748051255,-0.003395533725514849,-0.010008552416885072,0.0036700397244889037,-0.0018882259248283312,0.012638050491033686,0.00815834543924235,0.005108564988691103,0.008405430177106567,-0.013878114846961652,-0.0138766526476428,0.011974317615268655,0.012742214786932462,0.005496010856951413,0.007286817766667605,0.010213256224250032,0.009016245869999587,0.008036914779013131,-0.00217488606451858,0.011007819544165067,0.009089107278351131,0.013282189999065653,0.009424283403665988,0.006448617963013033,0.01071140924718142,0.004370822597294321,0.009919480159891518,0.010781495202544395,0.007257149164169134,1.410110907581461e-05,0.0037383624293862417,-0.023187528935415643,-0.021634267795822344,0.013547679604586456
CRGVPRB3,-0.038864777999668136,0.0022463281598006043,0.0010515780141069635,0.0007501374734890741,0.007748525206544051,0.0107707315483685,0.017859768857377792,0.012282203459837233,0.005053441449458914,0.002205168172244161,0.007524333316097135,0.013877154250913673,-0.0021720217184616557,0.007037416115277238,0.010423209043395516,-0.004518907391854366,0.003962995232360001,-0.004075787929093324,0.002002599746992683,0.0012874298715384736,0.009045962475735117,-6.977552425906379e-05,0.004608912638885261,0.004668344869960905,0.018368082798778395,0.0009574182259545775,0.0021876522386612084,-0.0004091453910114654,0.004576455412521801,0.013445265682316979,0.0008478339541903415,-0.003158039460152828,-0.020969417646190935,-0.01060090952408403,-0.013234395893732763,-0.01145104471526293,-0.01009920668145052,-0.005392551650212584,-0.0036480324907009793,-0.006933669610837157,-0.010070591076995105,0.02733196861360675,0.02777720126939631,0.017859692879098145,0.0018075053638322673,0.007084968723609477,0.017310663424332285,0.01925739809188628,-0.009076371844109697,-0.011176870063800248,-0.009176668883943334,0.017023755930810798,-0.0019474761162826665,0.02258694637019573,0.022685524587980486,0.024796138621588713,0.5256789408264666,1.0,-0.02652010130770863,0.0093652662895725,-0.015168943050848599,-0.023412102286571087,0.06984252114045138,0.01061548386468029,-0.0028400723213813698,0.017369782609696852,0.01867904391820341,-0.00541891391460334,-0.006044118932538821,-0.016901220103079335,0.017455311070314866,-0.00315210084958835,-0.026590434007399966,-0.024774227090041873,-0.018528441306772215,-0.025339033614095292,-0.029301282253627894,-0.005526073976335053,-0.0016126150317038932,-0.004944031018230041,-0.010516366207532806,-0.03886269415484163,0.00887438696008605,0.005838323434347758,0.00906452931707557,-0.004642692451547056,-0.008463637123164558,0.005794442558568236,-0.003918869349546329,0.014791176460549185,0.009952492072956792,0.0028968178894714204,0.005458625852355481,-0.011598407054200928,-0.011598922929756793,0.009250339046474456,0.010627132534084522,0.0045578967069319215,0.0051061785385102245,0.007784327797811614,0.007908529428729385,0.006009877166521392,-0.00031798827288685814,0.0071728255155304515,0.007585631055131537,0.009651330618643952,0.00481481107500353,0.005653858747622786,0.0068291129777454706,0.002194835043028589,0.00630349060914613,0.010279482359570548,0.006899125351330888,0.00033207110850765265,0.0021064777407905524,-0.021790900067204952,-0.02044235928345757,0.009885821577916848
CRGVEXPT,-0.10861521521168414,-0.018140048697374397,-1.9445430498631986e-05,0.0004241256639542607,0.007925901121332294,0.004755711591449669,-0.007203518773900773,0.0033339558346933014,0.00516092008664884,0.0022191519743477678,-0.0015201087316803973,0.00934881765930687,-0.001792345246955229,-0.0006738362950752697,0.001589528625196527,0.003631326522336309,0.01052045669777225,-0.01689115601410261,0.000550561358843212,0.010686521362240886,-0.0008933568561589974,0.0018786467429694283,0.007685487141932541,0.009691756906671765,0.046745981760821065,0.0005298600319946385,0.005142810422898199,-0.0025484566704704168,0.010139418796721202,0.0030970199488361233,0.00012280421063051746,0.00026073558328250097,-0.05542543525628122,-0.028019854170416927,-0.034980568613806426,-0.03026689382563506,-0.0266937754546689,-0.014253353497841738,-0.009642317780956231,-0.02430761770448077,-0.02837113016021036,0.05043022931849381,0.057898264342276476,0.027892800567750183,0.007515725301223279,0.007565687854608713,0.03935063123343615,0.043754900183985604,-0.021880148324953372,-0.026878071751352896,-0.023398701137690294,0.038012757312762505,-0.005147482548987126,0.0335337623068172,0.032580684179012144,0.03356094835619246,-0.026086978909712278,-0.02652010130770863,1.0,0.02238211172052249,-0.04009387791099401,-0.061881831026130554,0.17700134712784535,0.03457489073680005,-0.009393895177322932,0.04675465228780865,0.048553947250042744,-0.014323033066575588,-0.015975547257868844,-0.04890381281562208,0.059996727462034743,-0.01585905021107906,-0.07745345594558174,-0.07435527126215481,-0.0554919137420226,-0.07514172303533341,-0.08519316207438216,-0.010306706060634007,-0.0032591883993944165,-0.006649700990755721,-0.0192757744051842,-0.10858806440382866,0.03247901259921095,-0.015279330141084409,0.028321736770330952,-0.0037127531067634363,-0.017999122004764247,0.02691613535548668,-0.03882154517033491,0.03539626783092595,0.025995143247232868,-0.005942189077463794,-0.00608904290832444,-0.003995566923720785,-0.003999026742335055,0.0035027225027810666,-0.0037556495487407584,-0.0023056914270754413,-0.004065451530170376,0.002131342208823286,-0.003760965783370792,0.0004269052287303463,0.0046128787899861285,0.0031053939572751417,-0.0028527862668547765,0.0005012334789982917,0.00413866108893062,-0.00017369079120133882,0.0029755311854645083,0.005231310592312101,0.002282209075954501,0.026656994626722382,0.028018579376782152,0.012757379984569817,0.0138726651692821,-0.05779182307659693,-0.05458008999027278,0.005669354145345371
LASTSMK2,-0.011384359926713945,0.02478878480625386,6.637745850511749e-05,-0.003696917548931634,-0.03757315862631056,0.024813162828427215,-0.002518316685599621,0.013217412300570353,0.022790648083535255,-0.0038539248339031127,-0.001319477467774856,0.003911503573592189,-0.002499844095754695,-0.0024618211611127866,0.0038577538037434353,0.012629462144605917,0.035087690649079864,0.03188291005961706,0.00943226148424105,-0.02682354641741939,-0.007443229163852604,-0.015527827391981934,0.01768436185355584,0.007785122736579359,0.007325442954319604,0.00951186661965669,0.007632152012723,0.0070738257554247555,0.02780031108161469,0.01097163799839176,0.001352356831451825,0.010759738477668548,-0.00846330417549981,0.008248863066510266,0.021771656200331196,0.028005153229525598,0.02081212257555034,0.0031372560180981356,-0.008603479386403714,0.02619515605465271,0.03215779462578647,0.000879038175795434,0.0017402077551937408,0.00375916183723545,-0.0012262214642214677,0.004317938099683569,0.006161066237534752,0.005862829523594474,0.015461631744243339,0.02108528029125298,0.01694226920459082,0.009731161687380184,0.003225160875629048,0.04356424805869251,0.04629068315917181,0.04470979241285305,0.009754992744555801,0.0093652662895725,0.02238211172052249,1.0,0.007180782812268843,0.052175374854420725,0.027383945224692056,-0.04986563409198638,0.03837927205985644,0.0797234629917351,0.0819885046815889,-0.01277990650571946,-0.005989223936809233,0.019648265043628876,0.0259426362836964,0.008997374772453461,0.013590464356434444,0.03080920209427735,-0.005919177400475327,0.030637432302185515,0.027696147488306525,0.004890825115548162,0.0018068475519995677,0.0006107089468376219,-0.03311503570568328,-0.01145343081227429,-0.011599209312248329,0.011346391275980219,-0.008828891649002815,0.0018148485290010545,0.005855105611544436,-0.0029571680057064458,0.030207950217840885,-0.00275073510150608,-0.014944728873582558,-0.011164377345591519,-0.008673313098709752,-0.07905369643932122,-0.07905437520816917,-0.003448222264182837,0.0004976471235903578,-0.0001451779574038388,0.0015563737720154876,0.0008447228350835495,0.0011102407960854176,0.00012042958902983808,0.0012403795250165754,0.0076027530775258055,0.005114199891465859,0.008476509500035789,0.016352419843453373,0.011461020522581876,0.01874205050533814,-0.0034245535728803893,0.07767936297217709,0.041553069768656685,0.038195567485525536,0.03215504159433723,0.031046441671681076,-0.036452202679538394,-0.03765064844941248,0.05924315037405903
FIRSTAID,0.08432065745959749,0.021210953558150628,-0.0009403378405457114,-0.004518545738678723,-0.01781551753385841,0.004434380116545706,0.0019639130203737737,0.0031317839563083155,0.002207205787770278,-0.0041935338533362594,-0.013636655144749977,0.005825537691888109,0.01405967323083474,-0.018585207898344412,-0.004269947238114009,0.010268913970614295,0.009990153021734564,0.025040291269491678,-0.002908960653197678,0.001302155951508455,-0.011978105160890097,-0.012871609533742147,0.0032488393745368255,0.002235135846856778,0.022948856493815017,-0.00418193286842585,-0.004064376714018827,-0.004920270899646601,0.0023785347963884915,0.011040408267826164,0.0012340017062377217,-0.012462018304614807,0.08113984856286718,0.02888311169562538,-0.0200081533261314,-0.01731202997454827,-0.015268281029012665,-0.008152619968669195,-0.0055152040182814294,-0.0011937348353846552,-0.0013871028042603646,-0.016103235636384154,-0.018011225626130566,-0.007339461459850561,-0.002397703617248774,-0.0037218512567655966,-0.008947399849294144,-0.01054723325547659,0.058127989493551975,0.07204309762259951,0.06003917563944354,0.039292606771264976,-0.0029442523139277007,0.04582454668429494,0.048523468178355005,0.04634752762895064,-0.014921206101692685,-0.015168943050848599,-0.04009387791099401,0.007180782812268843,1.0,0.4305969209856077,-0.011367354904079596,0.005059001258016427,0.0692960907981117,0.24232658342279348,0.24668492009708026,-0.00819247522403486,-0.009137678764835998,0.05408229549295424,0.13438748913070403,0.05301785956809072,0.1457150237599829,0.17024079712038379,0.11193250642276896,0.16508216699166664,0.19739414863279126,-0.03877531585753427,-0.011463471850348843,-0.036809434445011446,-0.04359557234069271,0.08428291919125491,-0.011348266377919851,0.016406285947670476,-0.012108627125320908,-0.017257960888873783,-0.045260852866949315,-0.0211008108947487,0.006653958320765337,0.04055155606502461,0.028399369849385604,-0.006434992196648651,-0.017808689344946116,-0.0040433194856354755,-0.004038374150636047,0.002653239403653944,-0.0064395403204840825,-0.006708025184864902,-0.00916993170556919,-0.0018449428539566541,-0.0029185398622640735,-0.00816496087424841,0.00797158163246462,-0.0005229614648698521,-0.0021520879649449395,-0.0016617969283500775,0.0014944849414744539,-0.00023300560236031072,0.000976551948464257,-0.005304952676779585,0.004186891365003607,0.026116737370775814,0.023743550037279834,0.024061700963965642,0.026040989981306176,-0.03376833437382981,-0.032298386602526256,0.01737856492209906
ASPIRIN,-0.05760249595166544,0.04896970702697966,0.004982952828796836,-0.0002891648267852987,-0.03801618140710789,-0.0028118395352366606,0.0019441039294824545,0.00010962547033055258,0.010528312181804285,-0.0028001355797134943,-0.0061359460807528755,0.01178299414509392,0.004253743362052937,-0.006100501399010695,0.005615347450747569,0.008958992806935169,-0.006124906432407095,0.04676968026308986,0.011013332020807464,-0.005609769012688862,-0.009071464533235594,-0.01593760828312059,0.006692370476965877,0.0027045378357805853,0.020412733412060985,0.00020473607377813167,0.0016752491567502133,0.0005987937438352127,0.012630063586564062,0.015103514451470354,-0.0013811431800988343,0.011457717222003016,0.012464944804821517,-0.00016477552520932886,0.10852567563827832,0.08649193734424773,0.08891919909823794,0.042586841358930455,-0.008512295166148735,0.005250861450580403,0.00570315171939414,-0.02485411136425387,-0.027798947840463658,-0.011327896864690297,-0.0037006719684911653,-0.00574439247525103,-0.013809626667351688,-0.016278847048855627,0.04900085521378633,0.05608323607954232,0.04938888006306169,0.013256794923908577,-0.0045442280388348156,0.010361578307020386,0.011611615293951235,0.010813963615895438,-0.023029739271934378,-0.023412102286571087,-0.061881831026130554,0.052175374854420725,0.4305969209856077,1.0,0.00904240693382453,-0.108431038282317,0.11437129998154989,0.2095411021861879,0.2121587642866997,-0.012644458304204796,-0.014103307606011193,0.04526270062388627,0.20225544044963412,0.06398957817215474,0.2298603113133593,0.25828120164460044,0.1780001691012199,0.25874449167602004,0.2925863815739225,0.007874105698031217,0.0001148728439330309,0.007752316046364794,-0.04815371700988646,-0.05769181377417996,-0.04245005047641139,0.031004703954362767,-0.042596324834043596,-0.004232757361321272,0.010508593171590435,0.0026714343985678526,0.021052331841566987,-0.007562782844822641,-0.002761882187521782,0.0006489855120204169,-0.0036339383033802213,-0.007459661892229459,-0.0074599173773751,0.010909632632348084,0.006391388973592126,0.0005689409101871968,-8.05536379761243e-06,0.006962021731189442,0.008898105679549682,-0.0016635024085365146,0.003715282441297067,0.007602057179884812,0.008124935317530198,0.01028003256138737,0.005965640585547336,0.00362287798175226,0.00651636909863667,-0.015705267193303046,0.007398750965721946,0.03575030753198483,0.03159213391203294,0.018581565913694024,0.02455379377400584,-0.05128023356720056,-0.051641235440854104,8.472679298844196e-05
BIRTHSEX,-0.0480302343158321,0.006771348590819881,0.002044779840717004,0.016343393421781188,-0.0009038847198199394,0.01963870928268206,0.021488555782412808,0.02054619392815699,-0.0008343900433658065,-0.01123805509060322,-0.004417309383846844,-0.012084512510292841,-0.008759994496657769,-0.0018208590605898881,-0.003328900045982409,0.014203369939958141,0.009299625022303923,0.007189655429288663,0.0049980672634230665,0.018187598470307,0.014680333047968295,-0.01015800568081919,0.0031929539858230153,0.009494496581014178,0.06491496215268722,-0.04479416062671616,-0.015671946870548834,-0.05056630386738779,0.00831165063141047,-0.009666282098333917,-0.006767161667150879,-0.007755944007496747,-0.026284898151470358,0.035165838004899294,0.012351707171784871,0.009191091740468131,0.011602916288752374,0.00721711381985433,-0.018225826991290228,-0.021502602057717174,-0.026522506849112098,-0.054581116394143925,-0.061016626120091615,-0.024900616397873228,-0.008134697393740524,-0.012627137691455417,-0.030341991508571295,-0.03574589822984195,-0.0073446611978712365,-0.010094325537575255,-0.009387914940845982,-0.02762399928583626,0.019340555790216093,0.009167486640556699,0.011256286143034503,0.010457678622095415,0.06810661238407892,0.06984252114045138,0.17700134712784535,0.027383945224692056,-0.011367354904079596,0.00904240693382453,1.0,0.35306776396668266,0.0031000074565182174,0.08962234222266198,0.09159576380523254,-0.027794639159659316,0.0018355845576411524,8.039431072845001e-05,0.20123087726816097,0.027424886493330664,0.06963370521028829,0.08041474816967444,0.046095881723004765,0.07755590853376633,0.09067479259249762,0.044030946263393954,0.008930175064540502,0.04007004449657994,-0.03565169841547795,-0.048060156478466974,-0.002555953042805215,0.0037270172364568905,-0.0006999141526173433,0.015667786011275973,0.04693492659549574,-0.006115148277857988,-0.01240975755831316,-0.04675191784454397,-0.037513313175875244,-0.012952723873127396,-0.004886286609735916,-0.041628250644886455,-0.04162459058783702,-0.02184445536047654,-0.010467380069569971,-0.005958359306729886,0.001996105436042779,-0.008142085640930677,-0.001646048102781625,-0.005162827765618487,-0.0012753621914994226,-0.00783954546476035,-0.0020109799230747837,-0.006785638073104865,-0.004741051832276182,-0.00179941620907758,-0.004557801315154442,0.0057435640330373815,0.0222010155627389,-0.014056112324281144,-0.03162877531205622,-0.048581034870754464,-0.009811138319529813,-0.013657234873024898,-0.010873495405537534,0.011863184794411785
TRNSGNDR,-0.0011520936430377523,0.029026919788308795,0.0018564279868120508,-0.017440647911580367,-0.0037374607810858173,0.0001981284645142255,-0.012750627812849961,-0.0009104946536297851,-0.017521261886375594,0.0033068168553231168,0.006539838784193748,-0.0015883043367090146,-0.006960243650017128,0.013808619568366839,0.006908455206092375,-0.0033584211119293017,0.004365682055994525,0.03077261652595426,0.014646633664827238,0.008789195092210112,0.022254257995404737,0.01808752864776686,-0.0005591622135940886,0.0007931558497331055,0.028962687958297473,-0.004669894687918322,-0.005483002780675596,-0.003181474913972384,0.006470691067993763,-0.01480837245322254,-0.00028503919477118313,0.021556313551785965,0.08963402122540068,0.05637634268711979,0.08611855779973503,0.07479182622823606,0.06647478520323248,0.03650777313106803,0.02533711143098058,0.053417192103737424,0.06588262999325661,-0.0021337476299297946,-0.0015252704486676905,-0.0064286928184289945,0.000563790911403096,0.0024239614152008807,-0.010085995492143923,-0.011687675177095265,0.048709781665318724,0.061219008266443345,0.053687617109118575,-0.009906931836811914,0.01288370641463081,0.04814329963706275,0.05171319660084433,0.050324020717157775,0.007983758327329183,0.01061548386468029,0.03457489073680005,-0.04986563409198638,0.005059001258016427,-0.108431038282317,0.35306776396668266,1.0,-0.013206361761642981,-0.0161334978255151,-0.017554273999088953,0.037224806132861006,0.03971766415802785,0.14114333356287148,0.3011278136984311,0.0380702503471814,0.08586438639023052,0.08687454979560497,0.07332935991001342,0.08533786441879405,0.1039516561100633,0.058194071299866625,0.021227140591824747,0.055562186549691056,-0.04461070754080447,-0.0012803285932363084,-0.055628340205752816,0.02592691317194024,-0.05233322706634009,0.024899716657334255,0.042157284712565635,0.047023492221688515,0.020003155794709977,-0.03833882990141661,-0.03216500170866268,0.01097645459913139,0.01628045931174334,-0.04698177180135477,-0.046981993712012456,0.002045903799591894,0.007416872543113367,-0.002831952522316855,-4.758365576194589e-06,-0.0037612506436815654,-0.0025152722576391646,-0.005164911858993601,-0.004704281855555692,-0.001625434767171937,-2.4304515563228597e-05,-0.0011716471282761604,0.0035831189550173163,0.00545736701553818,0.005800857734858196,0.033026829281483226,0.04138983295002904,0.01596547393618755,0.014673274374114243,0.006868896445686996,0.009398722877240927,-0.06050252109702888,-0.0613085244174858,0.011109228803009139
MARIJAN1,0.0037624700329014545,-0.025363147625388133,0.0005846648291177032,0.017992810723335834,0.016469002486239483,0.030193031453479232,0.07140885692124899,0.042731305604475245,0.018592716485009046,0.006465938385090759,0.0036249265287883648,0.01728452299616406,0.00036651531274648614,0.007701065363959165,0.011783299580832449,-0.0006969230516972693,-0.021654494317028566,-0.030748432597231982,-0.008823199311712248,0.006172257655200223,-0.0213521579144884,-0.018813112403471954,0.01514590383300031,0.013101452198926005,-0.021930587939313802,0.0540709557857487,0.056962977312738014,0.06668139891797749,-0.015404213514587279,0.03191933911989302,0.018778656449142037,-0.0013755118615821106,-0.0086012412985457,-0.0041496210864774815,-0.017467459343793422,-0.015113697641651975,-0.013329469930420093,-0.007117376377866112,0.01095914956514726,-0.008365474868141005,-0.009140481903799996,0.014159201455319822,0.014214567451112655,0.0034017424093247613,0.005934692723163343,-0.0007679005989612208,0.013508089548096788,0.01817112634568305,-0.001997109900819368,-0.007630291580741861,-0.004702457695739666,-0.0020825461415123598,0.005656232387712152,0.015088670571026395,0.013310110157069737,0.014267889831173346,-0.0012376922920828166,-0.0028400723213813698,-0.009393895177322932,0.03837927205985644,0.0692960907981117,0.11437129998154989,0.0031000074565182174,-0.013206361761642981,1.0,0.019118894663636747,0.023141213411145146,-0.007152170696031608,0.02515796734457067,0.026689682184246916,0.027582890337280196,0.008399328472427142,0.06699419852710033,0.047204405347791585,0.05721696595307316,0.051675328465227335,0.05491029164103809,0.018867488578670235,0.003451404318151043,0.0220609414157326,0.023943277940686222,0.0038325145406464863,-0.03270930656819615,-0.01745595560346535,-0.034718286546858115,0.001316972505321713,0.023764493688518074,-0.005419775734770569,-0.028815425854640336,-0.0316760146329677,-0.015479067842962792,0.004852401010426943,0.006253982347015669,0.0640028048237605,0.0640035423587347,0.022506785043137276,0.016122758747089596,0.010142347028145935,0.005912820357278312,0.014098821450632584,0.012193069228930688,0.004372414475552441,-0.003919596973152617,0.007804628726901294,0.007170963424789102,0.009852619938756168,-0.0068506047927928086,-0.006263413308823735,-0.00869242317340567,-0.008971542575927877,-0.053160853835191875,0.03375623781450475,0.032876955826719595,0.0209083253209076,0.01682163450298045,-0.02725367062689866,-0.028081694402551444,-0.012175273200990828
ACEADSAF,-0.018606247628077274,0.03247700273163348,-0.0023676582407315444,-0.005629760858503933,-0.020051591982280164,0.005216700975103587,-0.009527152792623445,-0.0008424087597387357,-0.0016058303174845917,-0.0070803609934482915,-0.002643169364007714,0.0004124050496732551,-0.003132571136865227,-0.0014742391328170104,0.006926807365740671,0.0030071824305315112,0.017511224727698685,0.03834951222073484,-0.006546785121907371,-0.017898758686620577,-0.012094877643840013,-0.013683130551028388,0.0032154196271288378,0.0031708392523150035,0.034519099771501645,0.001115104822770431,-0.004222181480055503,-0.003671852455424195,0.015712199349780163,0.009046726051771798,-0.002767404949292599,0.011016459573547122,0.07652477631269859,0.09097425482550865,0.1689308861786235,0.14796361172402508,0.13843393915694766,0.07615795112605529,-0.013440106072582954,0.026688410270261392,0.036326979855788796,0.21557288513858885,0.24440503278413545,0.10774945917972925,0.023851417513186805,0.04305039656550102,0.12338683178084817,0.14329802382144033,0.06011578824811162,0.07240647969731889,0.06354872027523241,0.07536072342533447,0.008783440983449076,0.10520297800604667,0.11149463613119824,0.10909509309120258,0.01627379830375962,0.017369782609696852,0.04675465228780865,0.0797234629917351,0.24232658342279348,0.2095411021861879,0.08962234222266198,-0.0161334978255151,0.019118894663636747,1.0,0.9790137187248986,0.12129864608599275,0.08844948735718777,0.07510173961152292,0.08241737408161251,0.00652805770131411,0.033057477719696166,0.03546185380130322,0.012525538698353086,0.032889778747466444,0.04303208518961906,0.028633603044118442,0.001578931059631608,0.031529212595666496,-0.0868059037878027,-0.018641304818072392,0.036907675789054066,0.022612630025454737,0.04377622523403233,0.002770249069004806,0.03322506960675173,0.04797027838062755,0.03549667627536395,0.08736875554508594,0.05848002586066153,-0.005006909098400188,-0.002338697829255236,-0.03442817851022568,-0.03443128129502649,0.00046479674833329584,0.006087559464545146,-0.0014693205652965625,0.002059204077741898,0.00042740625955581827,0.007332942599742854,-0.0006618025268353288,-0.003445107272062205,0.003587045085881783,0.009098470083382054,0.008005238583904613,0.008307307765889138,0.009435506070300602,0.01159900534404883,-0.015729455126207575,0.037026936618197316,0.048804751335123256,0.05087308584887878,0.03134118262056431,0.03635060783637958,-0.08520195536350224,-0.0842935600648855,0.02933926550433713
ACEADNED,-0.01822580546942318,0.0303380416657477,-0.0021232718244316344,-0.0038462325801814556,-0.01880783113796216,0.00965356391682487,-0.0020225147558031627,0.005076222668848026,-0.000399350632460614,-0.00686184110397826,-0.0026190674612626167,0.0003747964562626822,-0.003658484504182323,-0.001431001836717332,0.006502957962551204,0.0028125655664357698,0.01703846350197615,0.03611132690017187,-0.006961123447545735,-0.017253973504838715,-0.012725065560814944,-0.013724333448405863,0.004169324089460688,0.004595021361123949,0.03509100922260823,0.0016560638508237606,-0.0034173447251623365,-0.003027330304485323,0.015373205717262011,0.012033161967617991,-0.0026691962452513205,0.010463524989769525,0.0772288153446628,0.09230966851449497,0.17203203419982704,0.150489148367011,0.14198066369655138,0.07652023499958652,-0.013633537290324464,0.026541429582038763,0.03571286137086384,0.21768842076757244,0.24640927932175563,0.10793818096107764,0.024293501028911865,0.04282763274127221,0.12576668260855509,0.14666882055716546,0.05951267348073419,0.07147745582811928,0.06360778633841065,0.07589830114352546,0.010154523197947437,0.10826186506064495,0.11484390485237413,0.11278787206738645,0.017517076179465966,0.01867904391820341,0.048553947250042744,0.0819885046815889,0.24668492009708026,0.2121587642866997,0.09159576380523254,-0.017554273999088953,0.023141213411145146,0.9790137187248986,1.0,0.12319568191400122,0.09257041184697207,0.07426589797253906,0.08254260203868007,0.006786364641113602,0.034785859222149294,0.03611489568684682,0.01338084892018425,0.033750974275654405,0.04402105414322769,0.029845048471773706,0.001805552512666638,0.03279437404647651,-0.08522968049034797,-0.018255130531001924,0.037456739318726895,0.021285860473909714,0.04405237873933597,0.002955297855771914,0.03462421146903689,0.04908442184668801,0.033120809101201076,0.08789928788424044,0.05965255515970455,-0.005765264169089703,-0.002756005410832086,-0.030687371804418252,-0.030689885543033552,0.0009475110005588994,0.005689666135340755,-0.0017917962311758825,0.0022632859484734893,0.0007291235932579764,0.006910415581801211,-0.0004906519266116785,-0.0031401416740256373,0.0035160305796189993,0.008309968530067964,0.0074822197051121015,0.007509815989691542,0.008221924096718628,0.010308522645637992,-0.015453533491221149,0.033219119583299234,0.04906531216915188,0.0511449152655153,0.0326959522057658,0.038212094416509114,-0.08676599053517199,-0.08571210605894233,0.029031158604935717
IMFVPLA4,0.011400584934403138,0.003595786656072722,-0.0010135282084507962,-0.0011546747321012642,0.00028126849500089725,-0.002448801337998365,-0.0046236388247669034,-0.0029263829273613222,-0.007647325791767638,0.0008699305705163121,0.0028138266673916152,-0.0050137276426099825,-0.0007267067134899528,0.00189148858934582,-0.00191670722319079,-0.005739146785044715,-0.0008812157471874406,0.003781081010839497,-0.004042499380543555,-0.00437584911007806,-0.0007488803425078404,0.005091946591882816,-0.0029911896006517375,-0.0028228510712360213,-0.0022652826861323423,0.003487781497068026,-0.003364928876438789,0.0013182611053684822,0.024835931249450553,-0.0031436750513572282,-0.001503599596715015,0.014245140349086844,-0.0113252079563477,-0.005725361901430359,0.10841592716847127,0.10490627632624328,0.09265516360896552,0.05610241283008519,-0.0019702371942697614,0.04752187289282674,0.05709130843024863,0.1875442903603026,0.21670775769974876,0.09103317900663287,0.014809367787956272,0.033194092628944565,0.08591241895853348,0.09632830759444733,0.03260377721839149,0.03403437201681439,0.030418838330516944,0.07095468248140845,0.017860367484459985,0.013827376033256723,0.016807026998470767,0.015983622946338802,-0.005330413008742999,-0.00541891391460334,-0.014323033066575588,-0.01277990650571946,-0.00819247522403486,-0.012644458304204796,-0.027794639159659316,0.037224806132861006,-0.007152170696031608,0.12129864608599275,0.12319568191400122,1.0,0.057302873224560055,0.09175325600038714,0.04518055210692947,-0.007858035402432408,-0.02718324100936344,-0.03018458828075109,-0.02014155320041383,-0.029791239790630034,-0.03442494443990193,0.007969800307478849,-2.5912662348338176e-05,0.006561415245785864,-0.010938518139081518,0.01137646230240933,0.002384006895959696,0.0025551215675574533,0.005196463154233357,0.0009729702937141764,0.010791614510942871,0.007209339724891713,0.012182601324414965,0.012430787487515438,0.0050067542085287355,0.002617409742115111,0.002066734892061919,-0.008850503376747226,-0.008853338439559693,-0.002903364765714277,0.00018394843931702533,0.001424563596894183,0.0006772406569488305,-0.0021519819240556465,-0.001338693983541003,-0.0001700057248930024,0.0024092289875319657,-0.001036262385295411,-0.0008391162317541042,-0.0012404694883526922,0.0010805495425138352,0.0004872172042478171,0.0010831241910583102,-0.0006425000569370172,0.008849654924111725,0.0008949313009931974,0.003697895614303076,-0.0017366656888647227,-0.0009688703758218496,-0.01125402374395345,-0.011544782014512705,0.000351058165923235
HPVADSHT,-0.0139614191880986,-0.023023183449429763,0.0008218320962330373,0.006314556055887487,0.02698549378803048,-0.006903356583584003,0.02120000065815762,0.0028095851350390263,-0.013650389394101686,0.004399787764041048,0.004241001881992334,-0.004506053290503492,0.004849356241320819,0.0031253654459934385,-0.004892012152580968,-0.011713809146969376,-0.02024970573420493,-0.02691229849471743,-0.011012286441662118,0.02163415662398303,-0.0021441380839329715,-0.000349763293136779,-0.010882849620576684,-0.006901229320246691,-0.009332824482127878,0.01768979202627225,0.0060983112645820025,0.01915008529602478,-0.005039560821111677,0.0011587347548396025,0.0006072263425895729,-0.003146287074686484,-0.006406473617873536,0.005020422696110155,0.017566680819042363,0.007780139863993587,0.01336505965338226,0.0012153178564141122,0.004739346014987591,-0.007358277975368228,-0.009288442177737383,-0.003747844611182884,-0.004553375787753954,-0.00036994986780194814,-0.0009553734745427725,-0.0014829847781552073,-0.0020833944800831565,-0.0021887768743709597,-0.005360225842540657,-0.009557517476540569,-0.007273721507887129,0.0018284283277637825,0.004310542036038378,-0.010505207958944097,-0.011395316087418299,-0.011234591197697147,-0.005945407270186413,-0.006044118932538821,-0.015975547257868844,-0.005989223936809233,-0.009137678764835998,-0.014103307606011193,0.0018355845576411524,0.03971766415802785,0.02515796734457067,0.08844948735718777,0.09257041184697207,0.057302873224560055,1.0,0.04860524495136372,0.04286343442943063,-0.004850029146929284,-0.016299285845102228,-0.023423613478014985,-0.00993727675286818,-0.022755146217962686,-0.025100601868454028,0.02953997483387147,0.005571891529815198,0.031080758597401212,0.018628611050522326,-0.01390742624175182,0.024523980772367348,-0.015311317834265965,0.021582527919109796,0.005765795803114257,0.030516755637208112,0.02798513262745082,-0.022680936145864975,0.017608816777216197,0.032970651614529584,0.0078649957618382,0.0013323601099388678,0.0668908263432373,0.06689273327336631,1.0584815519027204e-05,-0.0025716245466055735,0.003510647742745844,0.0005990697784494141,-0.002273572645930139,-0.002833765274209704,-0.00048167039541089534,-0.000974335379755516,-0.005958320812354316,-0.005591537079135568,-0.0075919201283515805,-0.010637809992823285,-0.009329714376489592,-0.013269950833390588,-0.00010062629710475254,-0.07488852674719902,0.004208749866581328,0.007248042371310364,-0.0021063877000070032,0.00015690539989070954,-0.015593463283240717,-0.015369052358661327,-0.036472338649046206
COVIDNU2,0.0821180960247539,0.08810193070730302,0.00019039954384596366,-0.010711470735881256,-0.07460412357792713,-0.0008159275371146337,-0.03553673382292276,-0.015955038713568657,0.008403568553503092,-0.01485651894795498,-0.014966378372568426,-0.033664070821390536,-0.0006411055063468289,-0.004339651230989547,-0.014895322801247533,0.01086464460369971,0.02785440977112397,0.1025437292284434,-0.011772120564501283,-0.07259479869065041,-0.023069229627846497,-0.026945040261504665,0.008265543058068679,0.002614175357710523,0.016358968044074523,0.004440868268738415,-0.021710595803151343,-0.00039917170605852505,0.06922355250168791,0.003154181823210815,-0.004161488881710498,0.028425236165326426,0.052726461751272644,0.0036047954393216082,0.06970114625963633,0.06914619520981455,0.06120017438482651,0.03707081095256012,-0.019550122632609215,0.17146162952551375,0.2134150753935178,0.0660276807008456,0.0745012521239421,0.03402225638930468,0.003899771981687715,0.013256031757721954,0.03015281682284405,0.03310282262282202,0.18406059680859505,0.23026456483129135,0.19762717109521513,0.01803976342387595,0.002972476103158269,0.0550733741088837,0.06230183064902024,0.05902763896522321,-0.01531292807502803,-0.016901220103079335,-0.04890381281562208,0.019648265043628876,0.05408229549295424,0.04526270062388627,8.039431072845001e-05,0.14114333356287148,0.026689682184246916,0.07510173961152292,0.07426589797253906,0.09175325600038714,0.04860524495136372,1.0,0.2295470448655354,0.02497378129289996,0.20671195775118978,0.2018479604693706,0.09324018206285743,0.20196707066802286,0.21873524704578093,0.02276750323272751,0.0012288071413778007,0.01896480700449735,-0.13793043048478,0.08185484886848542,-0.050998271228490336,0.06557547563330486,-0.042619711023958444,0.00110430904892679,0.035038771863954196,-0.0110968685741681,0.11643100476618733,-0.06472146374355384,-0.06991544374874148,0.00976317405313043,0.004017046385257646,-0.11186547722512805,-0.11186080745213986,-0.022598641226112492,-0.009344519039053398,0.000717943685054951,-0.003933464877495175,-0.012158881025595366,-0.009904603708067937,-0.01576637114150678,-0.010966440715840658,0.0008024346251822145,-0.0004181451387712985,0.0003206714999989779,0.02096813933074375,0.017276707209350206,0.025516279156326916,-0.032470660039895155,0.11424577519033426,0.07066319193730693,0.06956495414058617,0.03949077619015319,0.06027240697646063,-0.1264131155577851,-0.13078246087936132,0.054555577276777824
SDHBILLS,-0.23745036440289957,0.06077397845947596,0.0043303208482906,-0.015605839981571806,-0.044267512889413,-0.009959654031790713,-0.035539985811512825,-0.022343410232307074,0.005015737062081986,-0.007556643628871965,-0.015138524780115088,-0.00390680555912058,0.011261713984491363,-0.013441811121217378,-0.006944138321225963,0.0271188791814155,0.012952107003623559,0.06806794934288497,0.0034433464429634176,-0.01823232495897695,-0.010805221702318873,-0.014336642452104123,0.0062755451436966045,0.0004926481997157058,0.10339542926679256,0.015039221672769982,0.002259499042894534,0.016022797777771856,0.046290867707900765,0.025917676535283107,0.00047855021091799244,0.0255713093704175,0.048703367989153465,0.04456115471096969,0.09875489239792017,0.08756937935738461,0.07665256531084826,0.04294708490972341,-0.03541028396997689,0.09172619628599316,0.11208897341309235,0.0010121336577026852,0.0027221930409694617,0.0018163468989256743,-0.0035726429276037304,-0.0014665575787605625,-0.004822550286353109,-0.0067080506419484745,0.08836378344939916,0.10948510178375331,0.09372235488622063,0.003304462982978644,0.013982751784935533,0.0406298103191755,0.04520276040814071,0.04276083436711263,0.01669856675302533,0.017455311070314866,0.059996727462034743,0.0259426362836964,0.13438748913070403,0.20225544044963412,0.20123087726816097,0.3011278136984311,0.027582890337280196,0.08241737408161251,0.08254260203868007,0.04518055210692947,0.04286343442943063,0.2295470448655354,1.0,0.14885269042753518,0.39165573347689037,0.46500559284557136,0.2934972003942099,0.45782338913396103,0.5341429068957214,0.06987565683016221,0.02534557103863095,0.07329513045680187,-0.11063808004347149,-0.23768166222425424,-0.10161370889871527,0.040860153832892245,-0.09947513478956928,0.028773121444845416,0.06378993720212535,0.012938467271103997,0.041799594330517956,-0.059487176719917455,-0.05256329600129702,-0.00017189312203764217,-0.008544991382302128,-0.05434593235608239,-0.05434741011674353,-0.007334988836538962,-0.008197319541077093,-0.00499523223008218,-0.008918258242205948,-0.006921550729134262,-0.005811939732725078,-0.017275443817766786,0.005490079156894079,0.0003539881817739207,-0.0010757049995767877,-0.00039256689471224094,0.01167741690715948,0.007744485666660324,0.01313088839886477,-0.012856110145895246,0.056753364305829515,0.11561329170691872,0.11891405738366996,0.06847926748194214,0.07640506579992257,-0.2193989845074937,-0.215318916819503,0.025890909733809593
RRCLASS3,-0.01870045519664258,0.01497383808426517,0.003852031359775197,0.005115453981027579,-0.016895853486620326,0.0038245303963884703,-0.004719015781965712,0.002761549576188696,0.002207312984730324,0.009423241639023082,0.0016687123996607226,0.012319328113656457,0.00852053476763172,-0.00749220291712545,0.0005612551004739797,0.005386320014139907,0.009421972102428322,0.015149727256035408,0.044581943682692554,-0.0058078020325124,0.04943884315231108,0.05468618894899645,0.006191460878763889,0.0009812926653869538,0.03465666473744365,-0.010524158849573377,-0.004032001824216876,-0.010918103619206188,0.011630068546670811,0.013535675908966394,0.0002608121769275019,0.009614031045192867,0.010374114405809426,0.009703089869883764,0.021908762882885967,0.016911037005870582,0.012060077881175931,0.009561409400691258,-0.00529005791804491,0.02222394748949918,0.025760354199874755,-0.015445856382107992,-0.017275956867847494,-0.007039844053124589,-0.0022998226291371764,-0.003569914847279417,-0.008582141886642731,-0.010116665605053815,0.01516132787259241,0.012822506979816212,0.010926095750648544,-0.004536011627898167,0.0026972488081897007,0.002757270688531375,0.003142214360506485,0.0032183281617932154,-0.002204693095533269,-0.00315210084958835,-0.01585905021107906,0.008997374772453461,0.05301785956809072,0.06398957817215474,0.027424886493330664,0.0380702503471814,0.008399328472427142,0.00652805770131411,0.006786364641113602,-0.007858035402432408,-0.004850029146929284,0.02497378129289996,0.14885269042753518,1.0,0.10574713290772587,0.2690037949350386,0.15642776217327214,0.25729651861107705,0.2813418733673264,0.01595122232765055,0.019324486719130535,0.01425595330131675,-0.023278708797825516,-0.018747146628269207,-0.021395373639404996,0.009038128769668844,-0.021783931558460812,0.038064438948127874,-0.006958724777472066,0.004940309126864843,0.0019697421870878344,0.006317171162766054,0.007018454451880573,-0.008428394825776717,-0.013481557546938059,-0.04088999187814669,-0.04089233022282395,-0.0007152298429018194,-0.006888257384676759,-0.000750961685143998,-0.00603718283160685,0.004176670007452518,-0.0023052893638161966,0.002220472590958339,0.025338909398707296,0.0025078134174234285,-0.00343523467438415,-0.0002731612676811339,0.004112239500210562,-0.0010417730061965072,0.002456705790572,0.19258558717008895,0.017614335516265654,-0.02183641935844519,-0.023497125136701748,-0.019628997731237455,-0.0243370676995284,-0.01861903585739861,-0.014583063127570777,0.00790106523732816
RRCOGNT2,-0.03534311220965335,0.022506979288869126,0.0027014292036455817,0.006977168947154714,-0.02427277438098166,-0.007668603131109545,0.018294678964758403,0.004483949500399865,-0.008894606214193936,0.0017944957664507238,0.003383934122941079,-0.008232287550660519,-0.013026710317673055,0.022502991429497392,0.0019492063852935356,-0.01602597878092524,-0.018923729770947095,0.02420757811001283,-0.01938929167429985,-0.004693981653562754,-0.0288700627548031,-0.0332638765501969,0.008070637917408707,0.0004612788776485808,-0.014752236195556953,0.03900006064221407,0.010784206517412027,0.051703236720111234,0.02265365931843393,0.02361854779214599,0.005150121563809758,0.011080599818517065,0.02682991923604624,-0.004875277999988072,0.05833763101718098,0.04836221225850919,0.04074994660079916,0.01739849389606616,-0.018299856385884772,0.07018590789974374,0.08416721191497958,-0.053431731358818464,-0.05976258379552436,-0.02435287801136527,-0.007955758609495904,-0.012349378783209117,-0.029688136962191313,-0.034996502976837145,0.05892074238084959,0.06951742435103583,0.0630101003803265,-0.015376055939813603,0.007103721442663393,0.012587499079479474,0.014300114014844692,0.01312767641362844,-0.024807343138977603,-0.026590434007399966,-0.07745345594558174,0.013590464356434444,0.1457150237599829,0.2298603113133593,0.06963370521028829,0.08586438639023052,0.06699419852710033,0.033057477719696166,0.034785859222149294,-0.02718324100936344,-0.016299285845102228,0.20671195775118978,0.39165573347689037,0.10574713290772587,1.0,0.5587893859926805,0.4448315510399843,0.5599885491647983,0.638592459524954,0.03222480040748127,0.006997616249913945,0.030750926817574607,-0.043985303295332075,-0.03541674030923728,-0.08811632226765763,0.017560443539952772,-0.08954483723007946,0.004995839594231126,0.040368395295112616,0.015428572139950634,0.016575769758905894,-0.01788049299733421,-0.01566518541613424,0.03451434504667442,0.039058359062954365,0.023288527381635355,0.02328904157904442,0.005847352246744318,0.012067905097256845,0.013506237885491438,0.013732056000883548,-0.0007234661681670544,0.0010424194942949534,-0.0026839491059316824,-0.022874246046433278,0.0006039861612711148,0.0022081628632652102,0.0017530750817927878,0.001168603990483714,0.002202885844140651,0.002135154120303994,-0.029895332307004654,-0.014811755369514294,0.08235117973516451,0.0804490329173022,0.057017492725833736,0.05925633308985264,-0.1168136119495461,-0.12126297672328953,-0.016559952838643924
RRTREAT,-0.03279814606468356,0.07287435475598558,0.007416646579503592,-0.006707692129923746,-0.07922944523032284,0.007414288574547392,-0.010052500386453988,0.003096946486590656,0.017722141141567203,-0.008203143147185704,-0.008075379329468483,0.004240369678651536,0.0028053306525955128,-0.01035833997063204,-0.00011687660091036049,0.026714577996234955,0.02339263360859807,0.08884102917046731,0.028140137213487678,-0.03348443650370154,0.009375166395819428,-0.0015676723930136184,0.01787215898332284,0.007610231118753543,0.052857957928270416,-0.0021583844448408826,-0.0038955491988135176,0.00030840199719050885,0.04489084977974214,0.016768789090449345,-0.0027596747587297914,0.023544505520384885,0.04731756474267974,0.008406995007083869,0.06210792147942693,0.05300696691754625,0.045450169014929195,0.027824549274401766,-0.020320374248770395,0.0941349729231028,0.10862893991105,-0.05933121851210112,-0.0663610709937198,-0.02704172015291316,-0.00883416727262041,-0.013712894425128071,-0.032966054000610395,-0.03886052561789716,0.08896309498151107,0.10933353770827885,0.09243463541999128,-0.014466415062034756,0.011214614652697835,0.02435450903389922,0.024311196393399466,0.02343142450912105,-0.023922555391029752,-0.024774227090041873,-0.07435527126215481,0.03080920209427735,0.17024079712038379,0.25828120164460044,0.08041474816967444,0.08687454979560497,0.047204405347791585,0.03546185380130322,0.03611489568684682,-0.03018458828075109,-0.023423613478014985,0.2018479604693706,0.46500559284557136,0.2690037949350386,0.5587893859926805,1.0,0.4916882185532822,0.7847409348281563,0.7865602398700259,0.016752346327771728,0.012662183696437335,0.0169581360558757,-0.11222525823238645,-0.0330326559238575,-0.1073886054183344,0.044680496463618574,-0.10657060604451624,0.012074251891127387,0.005603787862667673,0.0021684344754694038,0.05050823011626339,-0.03265076217263744,-0.03271175293610092,-0.010321885365091512,-0.013062552419312331,-0.07672189903960908,-0.07672639403796115,-0.011646965351713072,-0.010866710340804258,-0.0039350265695040874,-0.006418155494226346,-0.0020525044140347745,-0.003521533508232699,-0.009456906428343842,0.013825647491594671,0.004833018993893911,0.001173938399094708,0.004143857142981291,0.015557982634386739,0.009666703607708674,0.017119885335314593,0.005964927233696476,0.07279531726343008,0.060085721799181695,0.05580591001280643,0.03271762267632198,0.03917485521366339,-0.12058055459968765,-0.11821690017127161,0.04125367322256544
RRATWRK2,-0.029960983027185077,-0.05485975305554313,-0.0008259909005867271,0.0031297630043279263,0.054347954375646275,-0.06571843815959778,-0.0002080337338462521,-0.056883513357115605,-0.07202917247778184,0.01243558328260158,0.007537915033277038,0.014000965280021921,0.011175980133519883,0.012625636413216115,0.009245658309721037,-0.004635168436743367,-0.059024074850026434,-0.07466340648193204,-0.035508993982710214,0.06195415826277044,-0.005363988721275679,0.0005731528881507016,-0.030157869224189247,-0.024772055711590565,-0.03600621982367021,0.06692882625322276,0.03507785086167857,0.0803581093542137,-0.01840078315716172,0.03723183421712583,0.007922929374286859,-0.004407685871344304,-0.015343969308859225,-0.014895591455054116,0.028612977461796883,0.015637584488834483,0.013040237632622327,-0.0006226758335323131,-0.01355936662700636,0.024491930465214487,0.03138918821487067,-0.03959049840242423,-0.044281373972189376,-0.018044382120592364,-0.005894857615676435,-0.009150331620442185,-0.021997567907344105,-0.025930827243654163,-0.0015686048919142585,-0.008596868642775563,0.0005673016882287282,-0.012761704899533901,0.003078213818349223,-0.028671607415222792,-0.028656856274400153,-0.029156854681746003,-0.01819164972763917,-0.018528441306772215,-0.0554919137420226,-0.005919177400475327,0.11193250642276896,0.1780001691012199,0.046095881723004765,0.07332935991001342,0.05721696595307316,0.012525538698353086,0.01338084892018425,-0.02014155320041383,-0.00993727675286818,0.09324018206285743,0.2934972003942099,0.15642776217327214,0.4448315510399843,0.4916882185532822,1.0,0.4678464445231105,0.5149424916292785,0.07343195782481071,0.02798608446676694,0.06167227632845163,0.059722760486572914,-0.029794154633924243,-0.04806701881873126,-0.028104454929857095,-0.05360568420029237,0.03228451092851122,0.07637127095434917,0.025769550018503236,-0.04705117517385699,-0.0106179093306337,0.007844902644793731,0.03349783458483805,0.023812929306537427,0.1326510481996028,0.13264648953896538,0.027466002946991478,0.019546660627060352,0.009564218414902237,0.0034800843835695243,0.008120177753099762,0.0030506557979994185,-0.0026117863480543085,-0.0030195597691075756,-0.006250906857903469,-0.006531476068019149,-0.008363407789519746,-0.028885504674826337,-0.023679031265494838,-0.03508128597911744,0.006195186725265732,-0.1176954985096244,0.05211366038899134,0.06000429238685839,0.0601409895886576,0.043750101540814386,-0.08020372515192692,-0.08040797312864968,-0.08148157851988824
RRHCARE4,-0.029961937990541018,0.07378854950248713,0.003721216404690151,-0.006459084300706183,-0.08262773735941732,0.006156894574573658,-0.010120795335025058,0.0006744719802244263,0.012427650097822696,-0.006051477308553049,-0.005762362990191031,0.008984024612585469,0.0015766979308106982,-0.0065550926591164595,0.002708013782945085,0.02686827251752568,0.018181364067777164,0.0909890873208901,0.026643927769614453,-0.038224092449723295,0.007538368662809919,-0.001315103887151249,0.01722025802055176,0.006826250366580374,0.04607841698419723,0.003443982093040065,0.0012023148223762323,0.006391991432464377,0.04399852866213503,0.01429954185607072,-0.0006950383278443983,0.020779936107338456,0.04953001087261739,0.009520894391910912,0.061977025252726074,0.052184056329457794,0.045217638553637446,0.02555677893145549,-0.020055570619346243,0.09372220348671104,0.10726711563078214,-0.0585580476143657,-0.06549629103265776,-0.026689327743468227,-0.008719045398972964,-0.01353419573733653,-0.03253645902168466,-0.038354117217196504,0.08835608642032089,0.11001811225629056,0.09297551075948267,-0.014079503381869848,0.008297653639794303,0.023286894255409432,0.023336197459252226,0.023977482129709418,-0.02419260131564101,-0.025339033614095292,-0.07514172303533341,0.030637432302185515,0.16508216699166664,0.25874449167602004,0.07755590853376633,0.08533786441879405,0.051675328465227335,0.032889778747466444,0.033750974275654405,-0.029791239790630034,-0.022755146217962686,0.20196707066802286,0.45782338913396103,0.25729651861107705,0.5599885491647983,0.7847409348281563,0.4678464445231105,1.0,0.7827516191939915,0.01569899196229227,0.013515298788658626,0.016153549941080383,-0.1140444594441904,-0.030201640148376924,-0.10797536696627366,0.044250744191448484,-0.10707674362190255,0.011497623927044466,0.0036913270237090945,-0.00032904887831720073,0.05209985699999543,-0.034801504675246384,-0.03617169565058793,-0.006526950064891565,-0.00744244718512357,-0.07982583223048756,-0.07983105670160098,-0.005896132048239115,-0.008090121269616215,4.0096560947171075e-05,-0.004139394279085374,0.0011191990550555966,-0.002942926585643142,-0.007991220450127135,0.01324311905527805,0.008138838527285317,0.003157954701281499,0.007685955066441857,0.01868770982947858,0.013401557464843446,0.021593297400016514,0.004570599689691209,0.07781058964183742,0.05931962203840398,0.0563946323810771,0.02757389464431332,0.03488971194507644,-0.11860020530389928,-0.11742221595509121,0.03536271233919396
RRPHYSM2,-0.04222008532378624,0.07115436323246561,0.005866875960859015,-0.008792770229389379,-0.0760292533373591,0.005740394930469612,-0.00974629693938716,0.001264452150642163,0.016381689512359354,-0.009937563765820204,-0.014264628978933994,0.0005569406212504219,0.0019366950516974863,-0.011780699755058672,-0.0012935602604370097,0.023766697522065533,0.024013715361836233,0.08535519118365409,0.01962603973940727,-0.02884745895011535,-0.003754641160940619,-0.008338779770290116,0.019486743326973772,0.0073804236995465705,0.052785589111752504,0.009666867000898085,0.0015482359758569417,0.01241067213792906,0.03576528603029032,0.013851706642527205,-0.0006229446176914678,0.02681053483043618,0.047383209600939384,0.005719094556544918,0.07380973688366495,0.0635940146602934,0.05402788199029936,0.030885348921681603,-0.023174997386267732,0.10666391611312315,0.12500469111902385,-0.06766611761716038,-0.07568352964377213,-0.030840563573865172,-0.010075198465658724,-0.015639293281211195,-0.03759715278599892,-0.04431968469666675,0.09114670032248803,0.11383347642101915,0.09661972298097342,-0.01639920573732905,0.011713342078209584,0.024117407243080254,0.024680576637928303,0.023921633500609,-0.028396203641818375,-0.029301282253627894,-0.08519316207438216,0.027696147488306525,0.19739414863279126,0.2925863815739225,0.09067479259249762,0.1039516561100633,0.05491029164103809,0.04303208518961906,0.04402105414322769,-0.03442494443990193,-0.025100601868454028,0.21873524704578093,0.5341429068957214,0.2813418733673264,0.638592459524954,0.7865602398700259,0.5149424916292785,0.7827516191939915,1.0,0.023059082415737918,0.014380953240977306,0.023302647329347944,-0.111481779788053,-0.04244753328633269,-0.11602824883438298,0.045977293447279126,-0.11559249381814317,0.0132080915283929,0.013391881736879538,0.0061374247152576125,0.047645070386092045,-0.034156517151143664,-0.03155891748977296,-0.006704831247435869,-0.007715847949478302,-0.0620616954659507,-0.062065150722655886,-0.0053345083010454975,-0.005315503044179965,-0.0006949592839551272,-0.003825312884334126,0.000578445758991017,-0.0002841394972506372,-0.008751408743593677,0.005458669102356949,0.0064346998608929016,0.004049289395123638,0.007006928372986131,0.014364735886889891,0.010219301133636907,0.016550963245492305,0.0029236753984370587,0.06279801323922704,0.07591812302374785,0.07348384573989021,0.05551106820710388,0.06112135981548908,-0.14008008496256738,-0.13902856904769237,0.042639253146223195
RCSGEND1,-0.008616439730658875,-0.057375762670200635,-0.00132888529873776,0.002604334359036003,0.10065677407537625,-0.023754382398120243,0.02207111172126971,-0.015740304952713807,-0.033748111753959205,0.006165610876678059,-0.0007344035834707361,-0.0021938062740668894,0.005913409964844441,0.0037534513557193486,0.0013018632762676083,-0.004141811523817388,-0.046847152756401084,-0.0820682161383066,-0.02394131411812383,0.36744622693714707,0.006979219784576194,0.02403524607008699,-0.024749384283091407,-0.014013730645921233,0.015418805790001367,0.029105546661279614,0.013644801062047148,0.03386576196514047,-0.020601041028860716,0.03315899870594038,0.0008381053665040093,-0.003297868645017554,-0.02816172729390658,-0.008992316086665161,0.015248495947889008,0.00783222622680359,0.005341967344894595,1.5734937912318485e-05,-0.009325212152969846,-0.014271536984335784,-0.016340171231980144,-0.01487552680613006,-0.017296490006609055,-0.009032343525662082,-0.00021638414890922666,-0.004699777916478696,-0.010097115637186821,-0.009344305347720133,-0.018807537129123652,-0.02756033677128939,-0.018482511767987486,-0.004643837285089536,0.002383861180438451,-0.01666560709242544,-0.018961269006662045,-0.017882221439150414,-0.007198708424333544,-0.005526073976335053,-0.010306706060634007,0.004890825115548162,-0.03877531585753427,0.007874105698031217,0.044030946263393954,0.058194071299866625,0.018867488578670235,0.028633603044118442,0.029845048471773706,0.007969800307478849,0.02953997483387147,0.02276750323272751,0.06987565683016221,0.01595122232765055,0.03222480040748127,0.016752346327771728,0.07343195782481071,0.01569899196229227,0.023059082415737918,1.0,0.7891865874461348,0.7597127188100877,0.08411524370626261,-0.00841048297466033,0.02188601785885309,-0.026533443637597482,0.01698042656161333,0.6289890529264096,0.4422489129326872,0.26365986479240916,-0.06482642972826995,0.01798036928706702,0.0518478183941187,0.012992048526137815,0.010023294010441247,0.15244012640361826,0.1524212560254913,0.004806267029324398,0.007417303417041899,-0.002894297040339965,0.0026026392557488252,-0.0025881348991389614,0.004701757805464414,-0.0030022379182450642,-0.0027595240659585964,-0.015764294539947637,-0.007732418829453436,-0.015855218786064676,-0.03422658846852199,-0.029771426392742596,-0.04255364966197874,0.014758067376577312,-0.15176922804251777,0.008329342775576658,0.021292919101347056,0.02665915913309636,0.01714406986550217,-0.05438530529866563,-0.050575041168799975,-0.08483487525169285
RCSXBRTH,-0.0034528893132912803,-0.013193116404962592,0.000578516521929332,0.005062909604527466,0.02701938283023652,-0.007327849569371879,0.002184207017700598,-0.007090009805163266,-0.013062757108038722,0.005850673491264121,0.002263343821864552,0.004582051946920837,0.005261308593115767,0.003380210797954872,0.005049917704616066,-0.005165196883222282,-0.012134246590076947,-0.02170414490327916,0.0016578063519410535,0.11188057558946206,0.020123995011034873,0.01587571505822373,-0.008281215868480234,-0.0047283789137124764,0.008314340708095053,0.006686746026219096,0.004247549179624382,0.007876978322586242,-0.0026096506027549985,0.011830152635971395,0.0009282886244307375,-0.002360977861369644,-0.007071814290917822,-0.0007143230305623404,0.00047791305375303377,9.768253660746566e-05,-0.0017280275868354527,0.0006269384554354236,-0.002756890682898928,-0.004057457238849378,-0.003896859300247379,-0.004944825399113805,-0.005989116629330303,-0.003594350946801791,0.0015431871052698984,-0.001860445600724995,-0.003645941735278473,-0.0027965469208977908,-0.006013851776577056,-0.00787823208267157,-0.005324300038571534,-0.0025655849759932126,0.00029934469760619145,-0.0038042538928175808,-0.005095604048475107,-0.004573266462824427,-0.001355905758200696,-0.0016126150317038932,-0.0032591883993944165,0.0018068475519995677,-0.011463471850348843,0.0001148728439330309,0.008930175064540502,0.021227140591824747,0.003451404318151043,0.001578931059631608,0.001805552512666638,-2.5912662348338176e-05,0.005571891529815198,0.0012288071413778007,0.02534557103863095,0.019324486719130535,0.006997616249913945,0.012662183696437335,0.02798608446676694,0.013515298788658626,0.014380953240977306,0.7891865874461348,1.0,0.5591365543558156,0.021568685580310068,-0.0034012155076391898,0.0036334446922505186,-0.005043001364717005,0.0027166682878042264,0.6827051822291889,-0.011140606402801572,0.05928500878112635,-0.018248451045126315,0.003905448803811072,0.013233715459278629,0.005528341741310542,0.0027998548482752617,0.037350633763546706,0.03734289596306047,0.004448118238604445,0.004615384148014508,0.00145169587419304,0.002003089031068021,0.0015775698270480555,0.002324951680403693,0.005026262118612549,0.005879984591558028,-0.0027449505782974853,-0.0012375032322393448,-0.0026955299596745225,-0.008584153025331524,-0.007353365452667676,-0.010607389891010626,0.012806694239843194,-0.039366576044532565,-0.0020323230554643167,-0.0023709801557095745,-0.0036115208643878044,-0.009356980864758415,-0.011837376349815345,-0.010551277916183996,-0.026083348163184257
RCSRLTN2,-0.013309380554992246,-0.04934622621532493,-0.0007991779484262864,0.004874078987035992,0.13182514197574693,-0.014518439073799827,0.02779494213574811,-0.006020056584353129,-0.02379744287156901,0.006393250535112841,-0.004077235424236519,0.0007825665970760685,0.004881020650891686,0.0004060269930810881,5.152979642709011e-05,-0.006151925399203703,-0.038356270969294205,-0.07570641994407383,-0.025528602286315934,0.3389451950694656,0.0022780501709768718,0.029621052761159054,-0.019061925128458602,-0.00914311917078272,0.02958812509354705,0.027168064307390213,0.014513121830914888,0.028910498631080583,-0.017408251395696087,0.022803459370086987,0.004554358434065254,0.00028857410193585764,-0.025352654675800782,-0.007364082982954022,0.01695870644179196,0.010091527449246478,0.007306149670036325,0.0012853543477605541,-0.008852430414538271,-0.015520858774867505,-0.018116861648692962,-0.014211891131021103,-0.017103675486365533,-0.008290253080128186,-0.0007946843232348452,-0.003916134475120969,-0.009812051423768755,-0.008942907275117196,-0.01576758238766071,-0.02444946797998651,-0.016712976246388293,-0.00292684867858188,0.002205787819983003,-0.012765776087985101,-0.014873324507929508,-0.013849198903386074,-0.00514267182656821,-0.004944031018230041,-0.006649700990755721,0.0006107089468376219,-0.036809434445011446,0.007752316046364794,0.04007004449657994,0.055562186549691056,0.0220609414157326,0.031529212595666496,0.03279437404647651,0.006561415245785864,0.031080758597401212,0.01896480700449735,0.07329513045680187,0.01425595330131675,0.030750926817574607,0.0169581360558757,0.06167227632845163,0.016153549941080383,0.023302647329347944,0.7597127188100877,0.5591365543558156,1.0,0.07701799024744603,-0.013120100046845825,0.020944472992579972,-0.019273952619828696,0.016749399174585566,0.5749896957740396,0.43247537535955966,0.25262348076903735,-0.058834697014838594,0.022456310461539383,0.06027355822141041,0.002896999830317485,0.0035510823937130224,0.16053778017091308,0.16052701725244195,0.006259631291324267,0.005477006687297925,-0.004622860495556101,-0.00014829666595118872,-0.0007838149328760035,0.004068596518091004,0.00023536230130734661,-0.002691022801869375,-0.013694607431224776,-0.0071270757777077915,-0.014019170097753447,-0.032412854406675046,-0.027170090455207893,-0.039709974372181704,0.017745014286213355,-0.1560280657386872,0.0028170836339832302,0.024272879792131438,0.027194969400022733,0.019224755727337138,-0.054657734337961,-0.0486484436616687,-0.07360142263229442
QSTVER,-0.0261814864911104,-0.8606125116887241,-0.03603587421469387,0.03599489600992065,0.6410367395495045,-0.0386361828699614,0.07572026552375802,-0.002341850674108913,-0.07075662007765665,0.031543763072272135,0.02391744763910042,0.02020305157662261,0.018047173996914495,0.024080798294807228,0.007168608290475584,-0.04241387824413289,-0.11111030636089506,-0.9607798618048111,-0.26458201453644226,0.16634385272915062,-0.01501785174835186,0.03567771804149922,-0.03857488478637571,-0.018659380354617842,-0.09580795385628842,0.1053921176627829,0.05616725011064493,0.11712725119582021,-0.07068639138664919,0.0629576117783962,0.014481405108540119,-0.02629094973971309,-0.10383417239684478,-0.04789009909409529,-0.023724144402939067,-0.029446437736994426,-0.025497412047703127,-0.020936159209856815,-0.004997068226746195,-0.060731715701033646,-0.06785255641351096,-0.020659106014090912,-0.024548429203184233,-0.011997532391542144,-0.00355135726664348,-0.007491814418098566,-0.013827569035239231,-0.012204009532185443,-0.08682510221584559,-0.11904728314413313,-0.09145903109014267,-0.015939907180048937,-0.005346472830806344,-0.07736881159312961,-0.08123028536704228,-0.07822408513999686,-0.01043156410708039,-0.010516366207532806,-0.0192757744051842,-0.03311503570568328,-0.04359557234069271,-0.04815371700988646,-0.03565169841547795,-0.04461070754080447,0.023943277940686222,-0.0868059037878027,-0.08522968049034797,-0.010938518139081518,0.018628611050522326,-0.13793043048478,-0.11063808004347149,-0.023278708797825516,-0.043985303295332075,-0.11222525823238645,0.059722760486572914,-0.1140444594441904,-0.111481779788053,0.08411524370626261,0.021568685580310068,0.07701799024744603,1.0,-0.023869011510939314,0.1828579950791733,-0.6153952062374749,0.09422939376180187,0.03979120621389257,0.09771122781134259,0.030102985484940763,-0.3300707448064848,0.09671977697682387,0.08945405040053869,0.0534827414836275,0.04179804188607972,0.37797881541310263,0.37799311380521,0.047422920312635106,0.032585861406346416,0.02080261664919265,0.009694959265060374,0.010113685051507547,0.0040677313103879165,0.005417049364387685,-0.011869529048002933,-0.02306898601823847,-0.018717497762440492,-0.02763735277855622,-0.07332384176953098,-0.05748708410106231,-0.08754448668225841,0.033672686268486005,-0.35807194136801296,-0.013099177422281547,0.019011321606101445,0.0662118563123049,0.024281123260934533,0.014930306291068385,0.01681875707876197,-0.1768563010659968
_STSTR,0.9999971360130322,0.0008138966961244791,-0.0021685046217507923,-0.002317065700242626,-0.008277782254249768,0.0033972240120204128,-0.0006569050822943936,-0.002263684391965974,-0.012021871533661039,-0.006462153505997102,-0.010008303007620458,-0.003242180751184803,0.0014506462854132973,-0.00910843326202297,-0.0030538719381263475,0.02259077766333256,0.007067461957914178,-0.000701109768052765,0.0019529527360861126,-0.0045623620064110275,-0.0009683077565199627,-0.013918033952992787,0.0007066020227412136,-0.0011525366255854621,0.02071436058310599,-0.0006214400473429099,-0.003923293745982862,-0.005512167317617828,0.0044662521820785905,0.020992813007879748,0.0025069342877941116,0.005129049834048141,0.12769816927272498,0.04441551807218675,-0.10567001730592089,-0.09020878178450206,-0.07719235668235166,-0.04199031041111533,0.10379134483743335,0.00576577684309833,0.007021312654803163,0.06966524106449284,0.07969726075332405,0.024538240451317708,0.014394975456210208,0.02022756654289184,0.03911058377490341,0.04782332222589049,0.014062680720722597,0.022119216995026544,0.016752127750892142,0.02679130764710226,-0.008603875264203613,0.023764049121854276,0.025373733137099275,0.02529550578592257,-0.04031391900034053,-0.03886269415484163,-0.10858806440382866,-0.01145343081227429,0.08428291919125491,-0.05769181377417996,-0.048060156478466974,-0.0012803285932363084,0.0038325145406464863,-0.018641304818072392,-0.018255130531001924,0.01137646230240933,-0.01390742624175182,0.08185484886848542,-0.23768166222425424,-0.018747146628269207,-0.03541674030923728,-0.0330326559238575,-0.029794154633924243,-0.030201640148376924,-0.04244753328633269,-0.00841048297466033,-0.0034012155076391898,-0.013120100046845825,-0.023869011510939314,1.0,-0.011583684201329776,0.004124765881112279,-0.012615185783313346,-0.00666543161903339,-0.0012286109063891495,-0.03568445460121443,0.02522391620107412,-0.11240989077612308,-0.08328173943286045,-0.010650909493377719,-0.012119783854463002,0.003431844985576166,0.0034345934398002467,-0.004377658873338443,-0.005476191481057185,-0.015900812166653913,-0.01185855579811779,-0.005949707746694102,-0.00533899756442681,-0.01719596075708416,0.002363596454541266,-0.0053345313764639555,-0.003972945426726853,-0.0061780161475943635,-0.0030904268641755764,-0.0012593652965547334,-0.0030206756788541678,-0.015882466979890892,6.157134027346527e-05,0.01304341718989272,0.005210016982729039,0.009200033124087601,0.013833256942395558,-0.0169365122743062,-0.015007442535802292,-0.001190177482185833
_STRWT,-0.012090092655398923,-0.1729970671869009,-0.008613724033826441,0.005747741127046804,0.13519823335707606,-0.010323201413213965,0.020301462967668306,0.0002021515077402341,-0.030457949092681093,0.0043285692187132905,-0.002560591873671985,-0.008876783915546861,0.010669299177723404,-0.005253547695193179,-0.016537303372400555,-0.0061352653789868055,-0.021372121877110132,-0.19169782324387713,-0.05319150864677756,0.03461900717814025,-0.000808335657494239,0.02886750069396451,-0.018438953177773255,-0.005379212892650838,-0.011152595211202336,0.02233560164152354,0.006415957163390161,0.01730305546353533,-0.020807621885335994,0.026196946328997467,0.0029730277137265514,0.006694457809812516,-0.05843403684448103,-0.018256284500826666,0.029580409089214253,0.022286819809313362,0.020149073822304627,0.008747025405926222,-0.02255789510264072,-0.013451400775048462,-0.012294071338011015,-0.011788195474219745,-0.013325736080952869,-0.004234454264683291,-0.0026263776366994675,-0.003782341378714884,-0.007143567888433044,-0.00863778611968127,-0.022050338472065296,-0.029067722272470124,-0.02264873625685844,0.014912965787845435,-0.0003537648678370075,-0.011374092473064585,-0.010983737586693543,-0.009175772357280926,0.006868849870431094,0.00887438696008605,0.03247901259921095,-0.011599209312248329,-0.011348266377919851,-0.04245005047641139,-0.002555953042805215,-0.055628340205752816,-0.03270930656819615,0.036907675789054066,0.037456739318726895,0.002384006895959696,0.024523980772367348,-0.050998271228490336,-0.10161370889871527,-0.021395373639404996,-0.08811632226765763,-0.1073886054183344,-0.04806701881873126,-0.10797536696627366,-0.11602824883438298,0.02188601785885309,0.0036334446922505186,0.020944472992579972,0.1828579950791733,-0.011583684201329776,1.0,-0.12378192827575515,0.9631953735509703,0.01054556498496467,0.02589861253450345,0.2079881867980817,-0.12147630938759034,0.7698534567300596,0.5791073058470255,0.0017615058048760744,-0.0037385324838730355,0.10360829977606757,0.10360649999190343,-0.003004183392949138,-0.010731139129229957,-0.0007412331997275699,-0.0031646325502091015,-0.007907935189402589,-0.007763825036913912,-0.0007889333327266027,0.0004494417362108544,-0.016234108664934365,-0.014233423569498293,-0.02008503257053586,-0.025605083018848687,-0.0218569605412031,-0.03159584199180499,0.016904286277519446,-0.10204432815834488,-0.022274711618555324,-0.004354126541823465,0.0083408385946226,0.0004146497604638418,0.005641805865078415,0.009184299066811894,-0.04253015172369468
_RAWRAKE,0.005615928061178975,0.8958166152983001,0.03482918160815875,-0.023386692924155926,-0.41141343719132456,0.015132753182435694,-0.047745310734395856,-0.0026753499270315887,0.02945285330097464,-0.019832094478487217,-0.014186413898427043,-0.014991174734668091,-0.011222860513938863,-0.01075559664535128,-0.0034609700100452583,0.021367433615887985,0.06365632275972531,0.6308210654804797,0.14031642956566986,-0.06748677319546387,0.01444450864165779,-0.019664297830232536,0.018533055288918014,0.00957570045794589,0.04784885313310061,-0.05997352590922949,-0.03566212472238575,-0.06549535528520722,0.030750052731125764,-0.03367876235460154,-0.008911856845137879,0.01555243813168272,0.037801176209325625,0.010983587859131123,0.01421783026328004,0.01629685346511106,0.016096582346126532,0.01223032856472307,0.00030124192863682797,0.03536711048517316,0.040113016210207186,0.0058324863393022,0.006011639558520419,0.0009075923805832594,0.0011622998609978846,-0.001801713723120292,0.0015809158683138774,0.0003193834451050312,0.03725643155746101,0.04977380399621593,0.04008652993646904,0.0048310367404310935,0.0018723543788232763,0.022542146187684364,0.023734353221601733,0.022000263396807235,0.003455390344656698,0.005838323434347758,-0.015279330141084409,0.011346391275980219,0.016406285947670476,0.031004703954362767,0.0037270172364568905,0.02592691317194024,-0.01745595560346535,0.022612630025454737,0.021285860473909714,0.0025551215675574533,-0.015311317834265965,0.06557547563330486,0.040860153832892245,0.009038128769668844,0.017560443539952772,0.044680496463618574,-0.028104454929857095,0.044250744191448484,0.045977293447279126,-0.026533443637597482,-0.005043001364717005,-0.019273952619828696,-0.6153952062374749,0.004124765881112279,-0.12378192827575515,1.0,0.014441086984433488,-0.013782151482154968,-0.03037611426147878,0.005176076163324484,0.2249231085626976,4.841740188265917e-05,-0.004064951147578941,-0.021006157295841654,-0.014547751257815666,-0.19156463651999517,-0.19156173462538614,-0.02098015915559045,-0.009167085564679812,-0.00965021712824621,0.0009089886676712265,-0.003491509413874583,0.0036760190920172306,-0.005635669057905543,-0.0005251249325019581,0.011398506445654943,0.013411908746921039,0.016150507071698177,0.034691163066391806,0.028906582084357976,0.042401542318315416,-0.015415738288358728,0.1815901461894262,0.00986743742890444,-0.008618340300785827,-0.026311576524365745,-0.005974290087927276,-0.007754924555053586,-0.009221807036942318,0.08960441812568495
_WT2RAKE,-0.01290414751292844,-0.046805332939062846,-0.00431909481234781,0.002412836114234472,0.07462745899054801,-0.007708928789581662,0.013394241447322276,-0.0008369211657692166,-0.02578722899847538,0.0021707294962464755,-0.0038836174644861017,-0.011446129139426341,0.009330068990295754,-0.0063936576732913745,-0.01726704741676906,-0.0030278326399777143,-0.01142384924913534,-0.09942094431147609,-0.03290114463371617,0.023293095042871657,0.0009821099812195588,0.024991990564439195,-0.015634854081216964,-0.003937800602815961,-0.0047990869647357316,0.013169157586278875,0.001020857807393236,0.007567609640768881,-0.015356668898324788,0.02163701735557158,0.0011471616271545321,0.008189806144416518,-0.054765098922291276,-0.017367008777361984,0.03154813134099862,0.02469576261858972,0.02224543649687735,0.01041628166136719,-0.022503275298832174,-0.008536371384311563,-0.006728888900468127,-0.006796907762756175,-0.007746005616092631,-0.002073722652213049,-0.0019827076255170962,-0.0034183913166016986,-0.004802472347486693,-0.0062176406105123915,-0.015954640671160727,-0.021134318376766104,-0.016418089454034338,0.01757720408175633,0.0002971966779591847,-0.0071805354620452745,-0.006393421558893,-0.004491253966578965,0.006949407748051255,0.00906452931707557,0.028321736770330952,-0.008828891649002815,-0.012108627125320908,-0.042596324834043596,-0.0006999141526173433,-0.05233322706634009,-0.034718286546858115,0.04377622523403233,0.04405237873933597,0.005196463154233357,0.021582527919109796,-0.042619711023958444,-0.09947513478956928,-0.021783931558460812,-0.08954483723007946,-0.10657060604451624,-0.05360568420029237,-0.10707674362190255,-0.11559249381814317,0.01698042656161333,0.0027166682878042264,0.016749399174585566,0.09422939376180187,-0.012615185783313346,0.9631953735509703,0.014441086984433488,1.0,0.008252772614387404,0.020747842223684154,0.20846868818499528,-0.09193197596553757,0.7748285485972602,0.5795075570110568,-0.0012911309997049906,-0.005724537925540195,0.0737545833095017,0.0737517297028182,-0.006583375586160536,-0.012308640552593508,-0.002409412367864673,-0.0034625641284264405,-0.008771240151248902,-0.007514122964618988,-0.0020071417647698213,0.0010707374288660685,-0.015003851639592001,-0.01243653901081363,-0.018132575564148833,-0.020908841003664837,-0.01741407649488923,-0.025551209319933585,0.014351561541370381,-0.07383809783014125,-0.02058628684953354,-0.0062070670830879785,0.004073465521876511,-0.0007523084241544536,0.005075011150059275,0.00821811240063353,-0.027986536128765404
_CRACE1,-0.006755909092679046,-0.02700460365719743,0.0005851274401487729,0.0017062786765506693,0.05190176287028741,-0.010232211216112596,0.0032451118513010385,-0.0077647510832672935,-0.015089660373166882,0.0032341050767246,-0.0034153011634049167,0.0005717604493058573,0.010902569062773267,-0.00405288851723879,-0.001905222895617207,0.0009435946876567543,-0.017030322313403578,-0.0376413947500699,-0.005203015295350751,0.1652557166589774,0.02184767852181408,0.048648329279523436,-0.011403130528077015,-0.006652682360291113,0.01869073950639137,0.01085804686364865,0.005313023996799314,0.00924793765253931,-0.007459512407950496,0.020067134665305228,-0.0006557094108076998,-0.00043638256847101855,-0.012649681529735918,-0.0031827812237624964,0.007352618590153473,0.004043924224922402,0.00016952395550960515,0.0013928987059322708,-0.004150427741393461,-0.00820731638040542,-0.008606330010775112,-0.006847447088357407,-0.008134556054810742,-0.0044164478268062645,-0.0006894568695513228,-0.00258973493346173,-0.005297782929202602,-0.005106090925708109,-0.01007418750569462,-0.013622524308134553,-0.010081506799305362,-0.002591798586521893,0.00014317701892582033,-0.008118879017693627,-0.009442456342527982,-0.008578000251591065,-0.003395533725514849,-0.004642692451547056,-0.0037127531067634363,0.0018148485290010545,-0.017257960888873783,-0.004232757361321272,0.015667786011275973,0.024899716657334255,0.001316972505321713,0.002770249069004806,0.002955297855771914,0.0009729702937141764,0.005765795803114257,0.00110430904892679,0.028773121444845416,0.038064438948127874,0.004995839594231126,0.012074251891127387,0.03228451092851122,0.011497623927044466,0.0132080915283929,0.6289890529264096,0.6827051822291889,0.5749896957740396,0.03979120621389257,-0.00666543161903339,0.01054556498496467,-0.013782151482154968,0.008252772614387404,1.0,0.09679002067465611,0.11441491668529943,-0.03157609220701557,0.01604268530183836,0.03358045491848548,0.001255126959784831,-0.006397619303361514,0.06253904805202688,0.06253355938980465,0.0008307661772296941,-0.0026316396801724525,-0.0034398079098392803,-0.003802437884610729,0.00044559342047856406,-0.0004229781433805417,-0.0006150816979986071,0.009903719805917553,-0.005979745180736773,-0.005736129663215254,-0.007693810498671066,-0.014619635916364133,-0.013153827391438321,-0.01842788053182433,0.12490620747501176,-0.06506415440598869,-0.025863318433631346,-0.01090901558269878,-0.001299875127067119,-0.010679601172170773,-0.021284966376097576,-0.01692242030357406,-0.035358400777624394
CAGEG,-0.001466507061354444,-0.06675652216523749,-0.0012321921216254346,-0.004596146161364067,0.11641797903103202,-0.02801877344704362,0.03176710465236778,-0.01408862652395604,-0.03726837315478616,0.0001910196069799342,-0.003691635379618609,-0.011594006332719828,0.0012341385105193723,0.004216196062378066,-0.0035558727149931153,-0.001663069611526986,-0.05642789468292695,-0.09355968910269193,-0.04221525692531391,0.414660292016679,-0.02773729973734526,-0.0021074367670138013,-0.0244907158941338,-0.012971085242822674,0.006825217289293604,0.03758380087102902,0.016372518541724116,0.0445635203705439,-0.029002468523750515,0.03639401708859933,0.005101836455017255,-0.0039804056866621345,-0.03239091623491737,-0.011856135319547793,0.018423191748944703,0.01002333791128935,0.009315902315816058,-0.0026600216205144105,-0.01088494176963972,-0.015975756987578492,-0.018308328422061967,-0.016199633987778746,-0.01872133553179982,-0.008983333685291488,-0.003088745938091739,-0.0061276603149056814,-0.011103427776828453,-0.010770259435530885,-0.020538802950836665,-0.03208276797564582,-0.021411068148346545,-0.002016854226010587,0.0019366460388144718,-0.01809988834721457,-0.020199105411240804,-0.019296657790583597,-0.010008552416885072,-0.008463637123164558,-0.017999122004764247,0.005855105611544436,-0.045260852866949315,0.010508593171590435,0.04693492659549574,0.042157284712565635,0.023764493688518074,0.03322506960675173,0.03462421146903689,0.010791614510942871,0.030516755637208112,0.035038771863954196,0.06378993720212535,-0.006958724777472066,0.040368395295112616,0.005603787862667673,0.07637127095434917,0.0036913270237090945,0.013391881736879538,0.4422489129326872,-0.011140606402801572,0.43247537535955966,0.09771122781134259,-0.0012286109063891495,0.02589861253450345,-0.03037611426147878,0.020747842223684154,0.09679002067465611,1.0,0.286175588103668,-0.06210237755813624,0.02038276280603975,0.055144533194360905,0.016494540281751523,0.0162709646358749,0.17242190215458422,0.17238828722576088,0.0010495356326017532,0.0081867782751276,-0.004663852251258937,0.000634179885398734,-0.006066804312703944,0.003139045963168048,-0.011137469974268609,-0.0156682228820723,-0.020346427785631983,-0.010990239623934046,-0.02106913258066981,-0.04105050474088935,-0.03659577469298865,-0.05154880708511712,-0.0043493466048867314,-0.16596733394933147,0.029486281234580948,0.04467404984383678,0.05751886934827487,0.05626010321245678,-0.07191945484746737,-0.06884671007463396,-0.09176645531186317
_CLLCPWT,-0.03577141306124522,-0.012496045256208075,8.378306116069171e-05,-0.001707527099080204,0.05412442008016371,-0.014932635721666447,0.012557907868524733,-0.005390602260956301,-0.01054636251074649,-0.0017243782666557673,-0.0035941986748071015,-0.009997758798489477,0.00542078626208366,-0.004596796100934652,-0.0058559412624582625,-0.0013211914020030647,-0.021784305586452793,-0.02897674890987634,-0.005863487341915735,0.2461061580698139,-0.0008401273875791173,0.025470457202578824,-0.013867933723750447,-0.007141654559488306,0.01441601815461882,0.012484575238445938,0.004074774829228117,0.011952378283058366,-0.013228346634564504,0.014670997209352275,0.0029656944681944854,0.004101776082566446,-0.023233427000572526,-0.008817935025358522,0.047738514196896675,0.03376755342283503,0.025184360572938866,0.015334470467643108,-0.0050746082615079425,-0.00965610795805897,-0.010787156899366598,-0.006666800205847408,-0.007464445324394812,-0.003752142866335519,-0.0013107538444436892,-0.002693338950227213,-0.004686700759134347,-0.004143359599494795,-0.010758400975341306,-0.016003446622165747,-0.011611543560457691,0.006878100229973255,0.0005294351846076354,-0.006986880601331482,-0.007659585492950387,-0.00726082827203746,0.0036700397244889037,0.005794442558568236,0.02691613535548668,-0.0029571680057064458,-0.0211008108947487,0.0026714343985678526,-0.006115148277857988,0.047023492221688515,-0.005419775734770569,0.04797027838062755,0.04908442184668801,0.007209339724891713,0.02798513262745082,-0.0110968685741681,0.012938467271103997,0.004940309126864843,0.015428572139950634,0.0021684344754694038,0.025769550018503236,-0.00032904887831720073,0.0061374247152576125,0.26365986479240916,0.05928500878112635,0.25262348076903735,0.030102985484940763,-0.03568445460121443,0.2079881867980817,0.005176076163324484,0.20846868818499528,0.11441491668529943,0.286175588103668,1.0,0.010800439523417924,0.26696559659921076,0.31582777138960344,0.002220530294899571,0.0003583970113826893,0.08276428404091431,0.08275013036826684,-0.004119465616236976,-0.0016983307031026942,-0.003077070229879878,-0.0019168226796242884,-0.00330532915945981,0.0010882018667684188,-0.002227545751503138,-0.00232512513766938,-0.010308120852999559,-0.005089413769783583,-0.010387504179851346,-0.020022404238382835,-0.015980413973391436,-0.02406807460163978,0.01713834972744486,-0.0820280900104965,-0.008772432106474413,0.004843017648502527,0.015807312643888138,0.012734786195122737,-0.033730804361962026,-0.030016488889008226,-0.041095119542245165
_DUALCOR,0.026033789123184166,0.3074492919917794,0.010351179346837347,-0.028097915228705198,-0.2007668452566664,0.0014470168843539798,-0.08712405699405054,-0.025705514848641777,0.04199997624544082,-0.01904538234960639,-0.0033180753518082338,-0.009455200875361941,-0.017159110090409938,0.006394013494441384,0.008771684514636374,0.009569446436362844,0.07111044438411303,0.33638036554949935,-0.09166438812209014,-0.12739220077716334,-0.003105506351419334,-0.04659088195017596,0.021474251034773753,0.0073412306945122964,0.03649425892605359,-0.07708141839772724,-0.05352065844577093,-0.0867734832576943,0.058215999110207084,-0.0446219752823648,-0.009433517101393236,0.011295995816512519,0.057175035460292116,0.019638931755212145,0.015955449409654453,0.02193109327890191,0.017167857348591553,0.014606500723065642,0.002516967511564492,0.04376383703495053,0.056081989043026755,0.032882746256390705,0.03812377569227166,0.019576564778488625,0.002176373878879531,0.006795264751345793,0.014573354359362614,0.018698704300039434,0.06395173238456997,0.08614434239306651,0.0686585192287604,0.01138295984793254,0.0028164568061998857,0.03246265999658112,0.03599476417548968,0.03323840876911455,-0.0018882259248283312,-0.003918869349546329,-0.03882154517033491,0.030207950217840885,0.006653958320765337,0.021052331841566987,-0.01240975755831316,0.020003155794709977,-0.028815425854640336,0.03549667627536395,0.033120809101201076,0.012182601324414965,-0.022680936145864975,0.11643100476618733,0.041799594330517956,0.0019697421870878344,0.016575769758905894,0.05050823011626339,-0.04705117517385699,0.05209985699999543,0.047645070386092045,-0.06482642972826995,-0.018248451045126315,-0.058834697014838594,-0.3300707448064848,0.02522391620107412,-0.12147630938759034,0.2249231085626976,-0.09193197596553757,-0.03157609220701557,-0.06210237755813624,0.010800439523417924,1.0,0.06592953018951206,0.0517229672110143,-0.002641296450700508,0.004242659888022471,-0.304677164371514,-0.3046780419272569,-0.019046001161534334,-0.002883211435853137,0.003067609713328326,0.009229211026665627,-6.134489242454641e-05,0.004973012018140061,0.0033644775163809365,-0.0019786972603581684,0.02603914571439323,0.02510789906620994,0.033580792556751386,0.06278952760637364,0.05647802724247947,0.07913624667411533,-0.03359152544406293,0.29024448702997696,0.03596243773043042,0.008002597422898983,-0.0276230623479114,0.0008404172655930883,-0.018432485414532775,-0.02337553253311044,0.13492394903979252
_LLCPWT2,-0.11268308634573364,-0.050911526086133016,-0.002593844626601786,0.0038452912602557647,0.08413273003506784,-0.006403747459958902,0.003907375506727314,0.0004565803467445975,-0.010735202105686358,0.003772734700556059,-0.0022377110424965344,-0.006280634106622931,0.00704918995707772,-0.004288915333141127,-0.010935824106545913,-0.014156807595337256,-0.0038031507565886268,-0.092683480481376,0.030102181751554727,0.007275055601589856,0.007587525192288142,0.034812169347157064,-0.012716047501741988,-0.0037973423418937867,-0.010730895162169055,0.0026163748947646047,-0.0052644282227877525,-0.0009732384567727229,-0.007426270303851754,0.009593552580194419,-0.001011914374914643,0.016024138522018963,-0.06601378412675679,-0.024556603297054773,0.13826072848428067,0.1171443671167984,0.09667237971141515,0.05324252957214132,-0.022747144157360157,-0.003820497684341354,-0.0007157544465662613,0.008981196020276394,0.009633364660033183,0.006193863055391891,0.0006426558135788146,-0.0006191684515524228,0.0025726772348969953,0.0028151381341468946,-0.0022856131487864187,-0.003612405240648425,-0.0018443205136299391,0.030687685575111427,-0.00016259834460635668,-0.005487275948931478,-0.004755675655113107,-0.003921737342258848,0.012638050491033686,0.014791176460549185,0.03539626783092595,-0.00275073510150608,0.04055155606502461,-0.007562782844822641,-0.04675191784454397,-0.03833882990141661,-0.0316760146329677,0.08736875554508594,0.08789928788424044,0.012430787487515438,0.017608816777216197,-0.06472146374355384,-0.059487176719917455,0.006317171162766054,-0.01788049299733421,-0.03265076217263744,-0.0106179093306337,-0.034801504675246384,-0.034156517151143664,0.01798036928706702,0.003905448803811072,0.022456310461539383,0.09671977697682387,-0.11240989077612308,0.7698534567300596,4.841740188265917e-05,0.7748285485972602,0.01604268530183836,0.02038276280603975,0.26696559659921076,0.06592953018951206,1.0,0.7538458600980316,0.002654755342736264,-0.0013250764157833334,0.03349793710066213,0.033494614946433666,-0.001583155227172108,-0.007167879203585937,0.000314869448562781,-0.0007535483915696208,-0.005457697716965331,-0.0049538620005134685,0.002509833560698291,0.0013871501278160197,-0.008507369308047146,-0.007572670066292954,-0.010593574428454633,-0.010310183095306931,-0.00903138888498347,-0.012854940986287599,0.034195919141065796,-0.036735597663184176,-0.031936209369792766,-0.019219562682142668,-0.008621763703348287,-0.01586727391294191,0.017346186142495026,0.02043898869296002,-0.014786989224619204
_LLCPWT,-0.083526195549407,-0.04940430305208333,-0.00028150404924519746,0.018004984185757755,0.11605305285295285,-0.014764710419065116,0.030878531775963208,0.0036764303952768027,-0.022319571796571087,0.007628857514006962,-0.004713114575862278,0.0005609581303437684,0.011831316924640897,-0.011434261180837435,-0.009311207452702567,-0.01336146876510838,-0.031615525461807945,-0.08638815397419433,0.02473296684842181,0.07667886007129798,0.005911651720666381,0.047270019989055216,-0.029249558076660558,-0.016154693680111396,0.0014360420425230801,0.019291447811185074,0.009517657924046772,0.015131650265417414,-0.026690398383617562,0.007140484818550712,0.003243299779635872,0.008953004688887243,-0.060135712239163495,-0.023232287752778562,0.08209384258778345,0.062302150153653264,0.05314440240610841,0.02664460215827338,-0.017124783846474555,-0.021403838741490454,-0.024142433213667873,-0.008658820954412774,-0.010685225659913096,-0.004634392963341475,-9.365178625593119e-05,-0.0035209845244403154,-0.007970186231176669,-0.008100696189376594,-0.023397525191388657,-0.03195390054327543,-0.02585473506858949,0.008042573377562822,-0.0016950338580166591,-0.022724698424095507,-0.023579182894483845,-0.022479961449913505,0.00815834543924235,0.009952492072956792,0.025995143247232868,-0.014944728873582558,0.028399369849385604,-0.002761882187521782,-0.037513313175875244,-0.03216500170866268,-0.015479067842962792,0.05848002586066153,0.05965255515970455,0.0050067542085287355,0.032970651614529584,-0.06991544374874148,-0.05256329600129702,0.007018454451880573,-0.01566518541613424,-0.03271175293610092,0.007844902644793731,-0.03617169565058793,-0.03155891748977296,0.0518478183941187,0.013233715459278629,0.06027355822141041,0.08945405040053869,-0.08328173943286045,0.5791073058470255,-0.004064951147578941,0.5795075570110568,0.03358045491848548,0.055144533194360905,0.31582777138960344,0.0517229672110143,0.7538458600980316,1.0,-0.006830950724091712,-0.010847531833802566,0.16794515289985007,0.16794445246588074,0.006855371432945266,-0.004935200254192195,-0.006495814985412167,-0.004885289993426144,-0.0014520478240483776,-0.000675018018498036,0.003104677853532472,0.004066924488878992,-0.015431214882045349,-0.012090729009688219,-0.018229591164574364,-0.03446010200707926,-0.029629109759994422,-0.04264533271702367,0.04234741770053173,-0.16933655959984717,-0.04978974351263045,-0.03270819291323862,-0.012074938802733696,-0.023052092858348174,0.02076218310168231,0.02905531012075379,-0.0694114590262279
METVL12_,-0.010778396243192672,-0.04038689591911154,-0.003757007102829903,0.0034292568171020088,0.03824737348183508,-0.18556743430723482,-0.09297126921986912,-0.1688982333913599,-0.056292809113186314,0.07131044276198772,0.4525516503039829,0.3047470582381218,0.27287150681108246,0.36057250040709626,0.23492768499018316,-0.14761433648201144,-0.10973058369655732,-0.05425176358694874,-0.04787049511828878,0.026138842522349357,-0.030893767807316157,-0.031039844305411304,-0.05732603576302183,-0.05100320919195311,-0.12172602146530688,0.05173210619742358,0.0014748826874595774,0.0710094980188434,-0.017431202927887426,-0.013836559801797804,0.00102091237746282,-0.026247780977161603,-0.014009683457649677,-0.025748159879055363,-0.012828952926980625,-0.010844318803941032,-0.015035914193397148,-0.005396068744660107,-0.003587442023729651,0.006622347325808031,0.015869674503216302,0.0025397186540745908,0.0025579509034106508,0.001007973954358899,-0.003148272317935651,-0.0030109254641517225,0.0025048560645479184,0.003476040081235851,-0.008572280057465164,-0.012006968058579516,-0.006096433152461318,-6.492826194937331e-05,-0.005300047357592766,-0.04164924929280532,-0.040420584022657746,-0.042982841880661087,0.005108564988691103,0.0028968178894714204,-0.005942189077463794,-0.011164377345591519,-0.006434992196648651,0.0006489855120204169,-0.012952723873127396,0.01097645459913139,0.004852401010426943,-0.005006909098400188,-0.005765264169089703,0.002617409742115111,0.0078649957618382,0.00976317405313043,-0.00017189312203764217,-0.008428394825776717,0.03451434504667442,-0.010321885365091512,0.03349783458483805,-0.006526950064891565,-0.006704831247435869,0.012992048526137815,0.005528341741310542,0.002896999830317485,0.0534827414836275,-0.010650909493377719,0.0017615058048760744,-0.021006157295841654,-0.0012911309997049906,0.001255126959784831,0.016494540281751523,0.002220530294899571,-0.002641296450700508,0.002654755342736264,-0.006830950724091712,1.0,0.3661581249826157,0.07575277108129677,0.0757580294396688,0.36290955040793543,0.2608512178954873,0.3238002902861696,0.24229788291565332,0.2124410574265506,0.11273072389963448,0.05831686095647903,0.10333088789389862,0.22232724438469242,0.11558668629957435,0.22752513993401977,0.17211725653312296,0.0803351218029378,0.1740960245005899,-0.021853985938951256,-0.06694826473894985,0.049906640387109506,0.047448852975809024,-0.019100048036284224,-0.03814480118561592,-0.01098765225274235,-0.023511278586882584,-0.1234973505634659
METVL22_,-0.012226222084481521,-0.03091243287465787,-0.0030199267354537006,0.0010702917635872864,0.03030081355119683,-0.15289524823064993,-0.07435200025553555,-0.13561708712181272,-0.04830612557929868,0.12949500058748534,0.26824018725920606,0.19050429408616973,-0.41897633005281454,0.6007863248469857,0.41892639479180566,-0.1869711404148829,-0.10537010166250929,-0.04289072990390094,-0.044930011686816956,0.01707990251282786,-0.04253862595213494,-0.052550800322654974,-0.04421396974326594,-0.040283617649551386,-0.1247543188769522,0.061167668634091545,0.007502147006525771,0.08442712191285207,-0.018979554087593338,-0.022328557416088753,0.003237970406703935,-0.02569219262780712,-0.004996021618000562,-0.02228278988115932,-0.009392425198322786,-0.007940652016954668,-0.011447845338531496,-0.00841355764529235,-0.0016117217033398187,0.005785358095366888,0.015101641473702791,0.003733529727510857,0.006109728984657323,0.001660467801848853,-0.004013598074713671,-0.0020769331227368437,0.0056057955166825355,0.0069530882599191345,-0.0034525156444134572,-0.005916238160520222,-0.0012011894722595293,0.001639765712739504,-0.0006540598167538699,-0.031202523236152205,-0.029911740264464273,-0.03167489733791112,0.008405430177106567,0.005458625852355481,-0.00608904290832444,-0.008673313098709752,-0.017808689344946116,-0.0036339383033802213,-0.004886286609735916,0.01628045931174334,0.006253982347015669,-0.002338697829255236,-0.002756005410832086,0.002066734892061919,0.0013323601099388678,0.004017046385257646,-0.008544991382302128,-0.013481557546938059,0.039058359062954365,-0.013062552419312331,0.023812929306537427,-0.00744244718512357,-0.007715847949478302,0.010023294010441247,0.0027998548482752617,0.0035510823937130224,0.04179804188607972,-0.012119783854463002,-0.0037385324838730355,-0.014547751257815666,-0.005724537925540195,-0.006397619303361514,0.0162709646358749,0.0003583970113826893,0.004242659888022471,-0.0013250764157833334,-0.010847531833802566,0.3661581249826157,1.0,0.0719710741912486,0.071974881041957,0.25599032422506246,0.4649329163901692,0.23946894194521082,0.3670689199946162,0.11513288539577568,0.2279857230150515,0.09663905522596725,-0.29167663215132406,0.11524647686042284,0.24414126811653936,0.22832779216440666,0.07986574902194775,0.18880140343646157,0.16791818707390338,-0.03507495753329562,-0.057106682928773474,0.07068980043108725,0.05957030502120839,-0.005805286228523062,-0.023530789355726136,-0.0185786861545437,-0.031657933864928434,-0.11251637220543508
MAXVO21_,0.002525306044737571,-0.3101501497127911,-0.012089082569688527,0.04915297658120666,0.35911622871592397,-0.08551273260906433,0.15738280493578768,-0.006308555807981987,-0.12724263813954506,0.06209714938202509,0.02632648806548168,0.034960658765259806,0.012234854244158893,0.04406798628028756,0.014710719769526833,-0.09088665970013969,-0.21801410294197632,-0.37503336119665354,-0.15726254481793908,0.30288625103420347,-0.06883485298811362,0.006819444343931084,-0.09551387658396161,-0.05664435151703032,-0.10421237470307976,0.187128912326681,0.10678496072820653,0.2191538023050334,-0.12282410203930279,0.04429910723888578,0.022664830618815444,-0.040507047473667464,-0.11507568075528926,-0.05490210924500736,-0.027776942247202376,-0.041507364273941236,-0.0344447029929818,-0.029970406464599756,-0.019058793813653652,-0.0989491363961101,-0.11232814371368584,-0.06592032963889324,-0.07381713947998045,-0.03711098123168616,-0.011617290340955107,-0.01822460053223434,-0.03712144829620662,-0.03889337016009412,-0.1089840501005437,-0.14884213664716522,-0.11612651939629896,-0.03152904283033238,-0.006153191616399677,-0.11508510980730702,-0.12010662263418947,-0.117135088795098,-0.013878114846961652,-0.011598407054200928,-0.003995566923720785,-0.07905369643932122,-0.0040433194856354755,-0.007459661892229459,-0.041628250644886455,-0.04698177180135477,0.0640028048237605,-0.03442817851022568,-0.030687371804418252,-0.008850503376747226,0.0668908263432373,-0.11186547722512805,-0.05434593235608239,-0.04088999187814669,0.023288527381635355,-0.07672189903960908,0.1326510481996028,-0.07982583223048756,-0.0620616954659507,0.15244012640361826,0.037350633763546706,0.16053778017091308,0.37797881541310263,0.003431844985576166,0.10360829977606757,-0.19156463651999517,0.0737545833095017,0.06253904805202688,0.17242190215458422,0.08276428404091431,-0.304677164371514,0.03349793710066213,0.16794515289985007,0.07575277108129677,0.0719710741912486,1.0,0.9999984643006155,0.08469886694088945,0.054373329255487254,0.016936176271597,0.02042092105432607,0.007025572172516965,0.00999376182193735,0.02052108723943411,-0.06781179128818576,-0.04253319070314168,-0.029893056104735173,-0.04818950704645102,-0.14569556642978515,-0.12054281285377551,-0.17758371685861485,-0.020439314831867974,-0.7839151925347084,0.018657973348633047,0.08210796515852174,0.11676867969043304,0.050920464070379326,-0.011712826508152682,-0.0019030536184298054,-0.36502997576995816
FC601_,0.0025280202809153966,-0.31015702978863574,-0.01208658872034032,0.04915741149126596,0.3591218185122938,-0.08550804870083724,0.1573838462041168,-0.006301095130036275,-0.12723613911766274,0.062089935655995264,0.026328346491216938,0.03496033270012991,0.012233446231729462,0.0440728881208236,0.014709891940090111,-0.09089289747492998,-0.21801453297036572,-0.3750488185678521,-0.15726855304260492,0.30285994826657847,-0.06882696820375198,0.006823467649521805,-0.0955170362386195,-0.056646760918438545,-0.10422158046734045,0.18713055852410232,0.1067843878256633,0.21915313061785546,-0.12282939476597118,0.04430345000268452,0.022661342471829722,-0.040508458164088476,-0.11507584000354543,-0.054899879752349126,-0.027777716223997096,-0.04150655598926256,-0.0344458952254119,-0.0299700847600639,-0.01905682684962888,-0.09894614450982066,-0.11232828476223093,-0.06591644741997343,-0.07381040595217338,-0.037109445720272985,-0.011622801268042071,-0.018224016450854016,-0.037116792756083844,-0.03888750252251751,-0.10898445322012115,-0.14884647070973642,-0.11613094173006283,-0.03152483063149467,-0.006151607362649614,-0.11509194806916037,-0.12011224306864932,-0.1171417883631602,-0.0138766526476428,-0.011598922929756793,-0.003999026742335055,-0.07905437520816917,-0.004038374150636047,-0.0074599173773751,-0.04162459058783702,-0.046981993712012456,0.0640035423587347,-0.03443128129502649,-0.030689885543033552,-0.008853338439559693,0.06689273327336631,-0.11186080745213986,-0.05434741011674353,-0.04089233022282395,0.02328904157904442,-0.07672639403796115,0.13264648953896538,-0.07983105670160098,-0.062065150722655886,0.1524212560254913,0.03734289596306047,0.16052701725244195,0.37799311380521,0.0034345934398002467,0.10360649999190343,-0.19156173462538614,0.0737517297028182,0.06253355938980465,0.17238828722576088,0.08275013036826684,-0.3046780419272569,0.033494614946433666,0.16794445246588074,0.0757580294396688,0.071974881041957,0.9999984643006155,1.0,0.08470086327657986,0.05437369745085112,0.016942029930320582,0.020423570205881442,0.007032868795058993,0.009994011416679549,0.02052196801540035,-0.06781628746778842,-0.042526759455140194,-0.0298918415756209,-0.04818420115029161,-0.14569167421490517,-0.12053937732630995,-0.17757884897486997,-0.020436864187437766,-0.783906936168933,0.018649836245723923,0.08210005447801638,0.11676040146715892,0.05091379296309049,-0.011715310041871674,-0.0019051069949398284,-0.3650362628113391
PADUR1_,-0.004502711377700487,-0.0385283126432658,0.0007686037707227643,0.0038789028389574353,0.04105958439496803,-0.11080959012229526,-0.03838146307385489,-0.1050013490333368,-0.022726516950550942,0.15393381694841982,0.25735603013729247,0.7450896336300866,0.10885679957600822,0.22016637886024795,0.24462325610742183,-0.09514741110166397,-0.07370397613903537,-0.05066356186281639,-0.02126626363958435,0.0073607063688381725,-0.03745749591570368,-0.0291040079560799,-0.027396562199950007,-0.03024007054086902,-0.08632494012813947,0.07992807502690391,0.04691287617083567,0.09573325382348506,-0.03788152531628279,-0.0033262040915135673,0.014097443382022231,-0.017394887813342363,-0.006877988628067656,-0.014706849052903355,-0.001347917941905346,-0.003386700084498066,-8.137024962359648e-05,-0.0027044634378959693,-0.007203682653027905,0.010311721941247083,0.017994719996012674,5.782184218143853e-05,-0.002663636938545176,-0.002210728129291632,-4.776583036061758e-05,-0.0010161633328921447,-0.0013699215391334157,0.0009710187587551257,-0.008664037144967641,-0.014026949365065693,-0.0071914862709794,-0.0017088589186905038,-0.00042595341312498747,-0.023516426824633754,-0.023257970756576055,-0.02518836928691792,0.011974317615268655,0.009250339046474456,0.0035027225027810666,-0.003448222264182837,0.002653239403653944,0.010909632632348084,-0.02184445536047654,0.002045903799591894,0.022506785043137276,0.00046479674833329584,0.0009475110005588994,-0.002903364765714277,1.0584815519027204e-05,-0.022598641226112492,-0.007334988836538962,-0.0007152298429018194,0.005847352246744318,-0.011646965351713072,0.027466002946991478,-0.005896132048239115,-0.0053345083010454975,0.004806267029324398,0.004448118238604445,0.006259631291324267,0.047422920312635106,-0.004377658873338443,-0.003004183392949138,-0.02098015915559045,-0.006583375586160536,0.0008307661772296941,0.0010495356326017532,-0.004119465616236976,-0.019046001161534334,-0.001583155227172108,0.006855371432945266,0.36290955040793543,0.25599032422506246,0.08469886694088945,0.08470086327657986,1.0,0.28874644553392936,0.18644230685702837,0.16868709703004095,0.5602142046635926,0.15691033205051402,0.07784789047249814,0.02435838582125944,0.5339407334027733,0.15474816329452962,0.472816070590768,0.3300629476327102,0.09558242636070456,0.3002324257229011,-0.012131846043204525,-0.06325603490735966,0.05031211210856157,0.05105302296169863,0.018564892141827934,-0.0140266650216423,0.0034654050190762414,-0.0035517832015604755,-0.07665031857941942
PADUR2_,-0.005565891015916255,-0.02322037895564133,-0.0042943321272866835,-0.0028762624429209097,0.02618861215335594,-0.09810539413110138,-0.03758913352939629,-0.0895043728057803,-0.02081483227884713,0.07180957826813439,0.1765444699126118,0.2187660545314011,-0.2453662877227453,0.38682746438886795,0.8063132818805245,-0.10828767340681471,-0.06934237113510942,-0.03487630719404857,-0.0239820710945659,0.006971294175493918,-0.03909659541976553,-0.04018482850170163,-0.02312521155434573,-0.02508564512030082,-0.08099440836213156,0.06189246209078487,0.028370489059642102,0.08057072928901132,-0.02744139582220235,-0.012510426738809925,0.00863592913367722,-0.018346344411674757,-0.0017744051328268237,-0.016152347615548967,-0.0001645907948294879,-0.0011384858917306566,0.0005838014838488764,-0.002946172922957603,-0.002685369451169753,0.008341035226304229,0.015058279614040352,0.002316034581121281,0.00341794611331916,0.0006905472246001794,-0.0017645313393040434,-0.0008610587732239032,0.0022105438611777026,0.004751029989453253,-0.0028730820687301317,-0.0050389920329280335,-0.0002320691593176711,0.0020455729024326376,0.0013173345282952,-0.019155860907753352,-0.018090425170967425,-0.019393271048438288,0.012742214786932462,0.010627132534084522,-0.0037556495487407584,0.0004976471235903578,-0.0064395403204840825,0.006391388973592126,-0.010467380069569971,0.007416872543113367,0.016122758747089596,0.006087559464545146,0.005689666135340755,0.00018394843931702533,-0.0025716245466055735,-0.009344519039053398,-0.008197319541077093,-0.006888257384676759,0.012067905097256845,-0.010866710340804258,0.019546660627060352,-0.008090121269616215,-0.005315503044179965,0.007417303417041899,0.004615384148014508,0.005477006687297925,0.032585861406346416,-0.005476191481057185,-0.010731139129229957,-0.009167085564679812,-0.012308640552593508,-0.0026316396801724525,0.0081867782751276,-0.0016983307031026942,-0.002883211435853137,-0.007167879203585937,-0.004935200254192195,0.2608512178954873,0.4649329163901692,0.054373329255487254,0.05437369745085112,0.28874644553392936,1.0,0.16028242391600497,0.25877395416837634,0.16227216837733213,0.5555380289138903,0.07427990021044512,-0.199416494360471,0.1559637943867529,0.5471519521658375,0.4388754419089326,0.09909147534476055,0.3352105793931987,0.2663974661317964,-0.02278679468758999,-0.03557613917042981,0.05618852047241128,0.04925008804978451,0.016217730086206104,-0.005996733756937624,-0.008101546182443804,-0.01698049269090752,-0.06440027388762334
PAFREQ1_,-0.01595291510480736,-0.016468431119268327,-0.0003916069284642712,0.0044770972875786555,0.0061596310454494554,-0.09920766170850924,-0.0464644047834647,-0.09490624734710257,-0.007606319271676866,0.019177085770493183,0.19494346544785449,0.16082353455890364,0.1520204484994668,0.1988110558019497,0.14651179269910464,-0.12884019348528872,-0.06362741605572206,-0.0212557427112295,-0.01672470098495634,-0.004060516267838551,-0.02652029510878028,-0.03171634278302268,-0.022554034166240963,-0.021620341647688095,-0.05209998458318722,0.023016310142621735,0.004592916120594045,0.028844011333366882,-0.012017069826299426,-0.006477647917148943,0.0030784711379383814,-0.011524100662521143,-0.005055980892544616,-0.012787475290432766,-0.005074708596016429,-0.0031551611279893666,-0.00512658837469866,-0.004351745272431185,-0.00257053778555614,0.004500550402020817,0.011585770716185797,0.0021727271215199882,0.0034375880412055083,0.002619310409690602,-0.003290689401176474,-0.001526527864119286,0.0025551400223633187,0.0041299644096318595,-0.001440430747102569,-0.0013889048215271242,0.0011406188233012674,0.001279025174788907,-0.004302420954474491,-0.02352111371614095,-0.023695767683128255,-0.024153588496657455,0.005496010856951413,0.0045578967069319215,-0.0023056914270754413,-0.0001451779574038388,-0.006708025184864902,0.0005689409101871968,-0.005958359306729886,-0.002831952522316855,0.010142347028145935,-0.0014693205652965625,-0.0017917962311758825,0.001424563596894183,0.003510647742745844,0.000717943685054951,-0.00499523223008218,-0.000750961685143998,0.013506237885491438,-0.0039350265695040874,0.009564218414902237,4.0096560947171075e-05,-0.0006949592839551272,-0.002894297040339965,0.00145169587419304,-0.004622860495556101,0.02080261664919265,-0.015900812166653913,-0.0007412331997275699,-0.00965021712824621,-0.002409412367864673,-0.0034398079098392803,-0.004663852251258937,-0.003077070229879878,0.003067609713328326,0.000314869448562781,-0.006495814985412167,0.3238002902861696,0.23946894194521082,0.016936176271597,0.016942029930320582,0.18644230685702837,0.16028242391600497,1.0,0.2863007658249915,0.5226155362590278,0.14430566390739327,0.2512814779109792,0.04779460767996238,0.4758011461580281,0.14637612205337636,0.42641226548905303,0.2624675377654484,0.10781277043697296,0.25703578755204654,-0.01508209709745028,-0.01304113186208693,0.0381027270159163,0.02963247382582547,-0.023409218935151046,-0.030647219605865184,-0.007090873115356791,-0.014281059195685708,-0.06121519471841358
PAFREQ2_,-0.011886535010090333,-0.004466853390156512,9.510975981436491e-05,0.0014575736897779424,0.0045818523357298805,-0.07314572525146523,-0.030712194351419274,-0.06826303188668395,-0.0069292765804825395,0.0780628394349587,0.15651206934898898,0.12557540024981506,-0.23774262441816243,0.2954276566298413,0.24765337530553203,-0.14630807435864793,-0.05630680836871267,-0.01058513451699655,-0.012934082637116448,0.006032545283559374,-0.02309544625474939,-0.03160236602776145,-0.013124882522530844,-0.012947783812190921,-0.04805262849518721,0.025462104698243608,0.007268536551697137,0.0328489853623866,-0.01801110213713304,-0.011769962884046739,0.0014964368709554662,-0.01158084944316147,-0.0018114150576721293,-0.009581133435155622,-0.003916379002965435,-0.0031227883806841084,-0.0028332461965616174,-0.0031400728048490826,-0.0026535838772740322,0.000961104683006803,0.004338547245110714,0.0018797448102448302,0.0013849741362903496,0.0009624737639101287,-0.001662315961425729,-0.0017053458101874788,0.0037736220711975595,0.0037296840882946993,0.0010875011704954045,0.0005947309451360332,0.0024984971495803088,0.002007956584484146,0.0019017760321508128,-0.012734707920205904,-0.013005064280119967,-0.013133292125267843,0.007286817766667605,0.0051061785385102245,-0.004065451530170376,0.0015563737720154876,-0.00916993170556919,-8.05536379761243e-06,0.001996105436042779,-4.758365576194589e-06,0.005912820357278312,0.002059204077741898,0.0022632859484734893,0.0006772406569488305,0.0005990697784494141,-0.003933464877495175,-0.008918258242205948,-0.00603718283160685,0.013732056000883548,-0.006418155494226346,0.0034800843835695243,-0.004139394279085374,-0.003825312884334126,0.0026026392557488252,0.002003089031068021,-0.00014829666595118872,0.009694959265060374,-0.01185855579811779,-0.0031646325502091015,0.0009089886676712265,-0.0034625641284264405,-0.003802437884610729,0.000634179885398734,-0.0019168226796242884,0.009229211026665627,-0.0007535483915696208,-0.004885289993426144,0.24229788291565332,0.3670689199946162,0.02042092105432607,0.020423570205881442,0.16868709703004095,0.25877395416837634,0.2863007658249915,1.0,0.16417394187051115,0.5258535923895978,0.23617667314523974,-0.17291637790798525,0.15524772126915173,0.5128832610140808,0.4178320593804091,0.09602463517527812,0.3141668692029156,0.2520173071248695,-0.017211255578908766,-0.015160936144280044,0.03449845173489324,0.024224096693754894,-0.017436816313452234,-0.024205077234475233,-0.007511223416754311,-0.013615924837986786,-0.052468575011468135
_MINAC12,-0.005981668611039656,-0.007770172388861008,0.003096359813193879,0.00447833328411294,0.006632954779050503,-0.0487932883088016,-0.015192626925127227,-0.05123205261391594,0.006891484283305157,0.02828230672074417,0.10565169988579826,0.420826427286338,0.06423051834664537,0.10802743174987811,0.13963852904046703,-0.047713541118445044,-0.03219628152487213,-0.011814784090448767,-0.002578006197466373,-0.001524789310885877,-0.019755061336037473,-0.016962362722140724,-0.0048246846868622625,-0.009121684695817618,-0.029814555708827233,0.027422776920273846,0.023165033634411233,0.03153532578705137,-0.018518790275753122,0.0010197513250800325,0.0059449061874369295,-0.006252448572361256,-0.0021246619949451865,-0.005940374405623283,-0.00029855720176223146,-0.0024876188746709954,0.0011081611766304061,-0.00198780199869048,-0.00290317342166255,0.006054076493871739,0.009909926060807865,0.001615002497436088,0.0014604129963186126,0.0010197408396954207,-0.0014701266449380099,-0.00046059000528248753,0.001042597600329017,0.0018476062511511274,-0.0014644564794093593,-0.003436663020483399,0.0002535805357232588,-0.00012315566777903087,-3.643356311914398e-05,-0.009005760099237963,-0.009143995925632498,-0.010017307940873986,0.010213256224250032,0.007784327797811614,0.002131342208823286,0.0008447228350835495,-0.0018449428539566541,0.006962021731189442,-0.008142085640930677,-0.0037612506436815654,0.014098821450632584,0.00042740625955581827,0.0007291235932579764,-0.0021519819240556465,-0.002273572645930139,-0.012158881025595366,-0.006921550729134262,0.004176670007452518,-0.0007234661681670544,-0.0020525044140347745,0.008120177753099762,0.0011191990550555966,0.000578445758991017,-0.0025881348991389614,0.0015775698270480555,-0.0007838149328760035,0.010113685051507547,-0.005949707746694102,-0.007907935189402589,-0.003491509413874583,-0.008771240151248902,0.00044559342047856406,-0.006066804312703944,-0.00330532915945981,-6.134489242454641e-05,-0.005457697716965331,-0.0014520478240483776,0.2124410574265506,0.11513288539577568,0.007025572172516965,0.007032868795058993,0.5602142046635926,0.16227216837733213,0.5226155362590278,0.16417394187051115,1.0,0.15430170920533054,0.12394393630091007,0.012929343560188686,0.9217322113574951,0.15152648047369927,0.746939368301273,0.5307647967386118,0.09733262828618672,0.4503791268045885,-0.004903472931526784,-0.002184123567456853,0.02306658319308985,0.020684584423319163,-0.00286493779802802,-0.015099173597417914,0.0025774429330546094,-0.0010949625967443572,-0.02474489104351214
_MINAC22,-0.005355676055916153,-0.00022768986641633838,-0.001901615113671833,4.988299238976849e-05,0.004918598004235453,-0.03433371041126357,-0.00593465736668187,-0.033842306408390685,0.004085551382124125,0.038854043684776324,0.08435728118442556,0.12094903375234282,-0.11344783732612906,0.1585678338041331,0.4522977371169863,-0.0422751308697013,-0.025441120393184625,-0.00535299464932483,-0.0027621767486093,0.010024854345902848,-0.015684828798883128,-0.01865546641450383,-0.002353909180749328,-0.00322955274865689,-0.019578836394476155,0.024483818115209447,0.01916620080835384,0.029564138672461406,-0.01764973673626923,-0.00341882236185474,0.00954853343676712,-0.007201228957323176,-0.0005470878197451568,-0.005845168062480748,0.0024288950319933385,0.0003407979260614899,0.0047142839213772,-0.0014922270555652506,-0.0006681955795866411,0.001403875494858575,0.0039047935930674586,0.001358221967811294,0.001390243272551909,0.00015723483793333187,-0.0006291635986538256,-0.00039997016026572656,-2.7625374293549487e-06,0.0006534541082535357,-0.0009673808411819965,-0.0017547384417052835,0.00027511662238714383,0.0005662974931846407,0.003774942335215029,-0.005917653186728121,-0.005765399953404934,-0.005818586014821438,0.009016245869999587,0.007908529428729385,-0.003760965783370792,0.0011102407960854176,-0.0029185398622640735,0.008898105679549682,-0.001646048102781625,-0.0025152722576391646,0.012193069228930688,0.007332942599742854,0.006910415581801211,-0.001338693983541003,-0.002833765274209704,-0.009904603708067937,-0.005811939732725078,-0.0023052893638161966,0.0010424194942949534,-0.003521533508232699,0.0030506557979994185,-0.002942926585643142,-0.0002841394972506372,0.004701757805464414,0.002324951680403693,0.004068596518091004,0.0040677313103879165,-0.00533899756442681,-0.007763825036913912,0.0036760190920172306,-0.007514122964618988,-0.0004229781433805417,0.003139045963168048,0.0010882018667684188,0.004973012018140061,-0.0049538620005134685,-0.000675018018498036,0.11273072389963448,0.2279857230150515,0.00999376182193735,0.009994011416679549,0.15691033205051402,0.5555380289138903,0.14430566390739327,0.5258535923895978,0.15430170920533054,1.0,0.10860922276392201,-0.09385197400035218,0.14005299096165474,0.9311411785635488,0.6576336883664704,0.07767163839868588,0.4750278438898345,0.3308826037992681,-0.008666834913834059,-0.00495028726715479,0.020217520894918736,0.015541560057402096,0.001699025421275504,-0.005209298006412216,-0.000922636389104603,-0.0036248664961130617,-0.016399798629201327
STRFREQ_,-0.01721366568129953,-0.005170678629582675,-0.0006340214549094751,0.0020344729349703107,0.0013344869566783103,-0.02167757965579452,-0.0289746309184852,-0.025745113442225354,0.008259963785169066,0.09105026786443866,0.05755950877614803,0.05761317304046666,-0.04382101081763987,0.09370289922868613,0.06328000466504415,-0.5105071991619484,-0.038028692680699624,-0.007818534624982667,0.0031466938058265707,-0.006621996070097063,-0.020954527077858245,-0.01721206763993378,0.0018701066493554792,0.001020936479218395,-0.025485398164721396,0.019174579466260718,0.006290316187536055,0.020338953875456048,-0.012172399959356784,-0.007085689424451919,0.007519624569767227,-0.005756018956531279,-0.003267746330990902,-0.0031302027773286913,0.0021662385908080887,0.002067709249956425,0.0027965236913626403,0.0005942039575155684,-0.003698118738796855,0.0005621267069469442,0.004754910873656369,-0.0008026301171877726,-0.0022024358829250508,0.000980082450766186,0.0003763990172360303,-0.00021701787779084163,0.0009563360957649608,0.0006378433601605089,0.0011011755220660796,-0.00035495691502314755,0.0016409329880318602,-0.001076148747090257,-2.1353445381267683e-06,-0.011957110601457465,-0.013000221085051613,-0.014353164992298623,0.008036914779013131,0.006009877166521392,0.0004269052287303463,0.00012042958902983808,-0.00816496087424841,-0.0016635024085365146,-0.005162827765618487,-0.005164911858993601,0.004372414475552441,-0.0006618025268353288,-0.0004906519266116785,-0.0001700057248930024,-0.00048167039541089534,-0.01576637114150678,-0.017275443817766786,0.002220472590958339,-0.0026839491059316824,-0.009456906428343842,-0.0026117863480543085,-0.007991220450127135,-0.008751408743593677,-0.0030022379182450642,0.005026262118612549,0.00023536230130734661,0.005417049364387685,-0.01719596075708416,-0.0007889333327266027,-0.005635669057905543,-0.0020071417647698213,-0.0006150816979986071,-0.011137469974268609,-0.002227545751503138,0.0033644775163809365,0.002509833560698291,0.003104677853532472,0.05831686095647903,0.09663905522596725,0.02052108723943411,0.02052196801540035,0.07784789047249814,0.07427990021044512,0.2512814779109792,0.23617667314523974,0.12394393630091007,0.10860922276392201,1.0,-0.029886401452728265,0.1222976507186675,0.10143873237955094,0.14784056413966185,0.08635951035776482,0.062219651438518965,0.09995267599275495,0.00023700713017686597,-0.013805349422649141,0.018866230944010996,0.015708322279004372,-0.018337755788962903,-0.02921002500091852,0.00994555338584805,0.007668166091126205,-0.038016107344586256
PAMISS3_,0.0023962210811053915,0.005967243715785998,0.00497902064203048,0.008360622240141752,-0.0158439826662477,-0.011147380915793351,-0.01106330289367299,-0.01687948815277366,0.0005024581132164885,0.0555967440069271,0.18017912229442723,0.11134192166693238,0.582301062835359,-0.16832076706111615,-0.08532814592545362,0.07646217071030781,0.01862199130364862,0.009890238978626578,0.03634409212320994,-0.007932324509668036,0.05292577920673781,0.05291502293726246,-0.0024296536379384585,0.00017295466738377017,0.033043076939329216,-0.02217621502292307,-0.008386918260816428,-0.03240255310330035,0.014948280181664518,0.009531068640528878,-0.0011410259463238456,0.0025250373092667137,-0.0031712696964941805,0.007872715032064619,-0.00027893806386513557,0.0003404476248728377,-0.001459592765173961,0.0036234301554407644,0.0017010992531943311,0.003563285225228127,0.0032398425667325417,0.0018931396182714484,-0.0010170507813767253,0.00043974406086226027,0.00440141393718546,0.00012144989010538035,-0.0017646515484091043,-0.002660034415018321,-0.00026577061631608245,-0.0014975741903798206,-0.002695578690667349,-0.0003953309079740739,-0.002877848195813279,-0.005406489062986747,-0.006333998406219935,-0.004921619316282031,-0.00217488606451858,-0.00031798827288685814,0.0046128787899861285,0.0012403795250165754,0.00797158163246462,0.003715282441297067,-0.0012753621914994226,-0.004704281855555692,-0.003919596973152617,-0.003445107272062205,-0.0031401416740256373,0.0024092289875319657,-0.000974335379755516,-0.010966440715840658,0.005490079156894079,0.025338909398707296,-0.022874246046433278,0.013825647491594671,-0.0030195597691075756,0.01324311905527805,0.005458669102356949,-0.0027595240659585964,0.005879984591558028,-0.002691022801869375,-0.011869529048002933,0.002363596454541266,0.0004494417362108544,-0.0005251249325019581,0.0010707374288660685,0.009903719805917553,-0.0156682228820723,-0.00232512513766938,-0.0019786972603581684,0.0013871501278160197,0.004066924488878992,0.10333088789389862,-0.29167663215132406,-0.06781179128818576,-0.06781628746778842,0.02435838582125944,-0.199416494360471,0.04779460767996238,-0.17291637790798525,0.012929343560188686,-0.09385197400035218,-0.029886401452728265,1.0,0.0020865532268665513,-0.10092869676723933,-0.05899066196573046,-0.005155165764319662,-0.06723052020232384,-0.04249175884186738,0.04952870482368807,0.0178768740480803,-0.04994147971468548,-0.04851916151687174,-0.035599282636284875,-0.03784689334222242,0.036487249576584925,0.042532992878693124,0.016874878760569523
PAMIN13_,-0.005287856469214088,0.018094161599281892,0.0046698486188790815,-0.0025244610590588194,-0.02333412669741549,-0.04701919529082013,-0.03164947540890327,-0.05454480677997364,0.019917303052733867,0.03878723697717898,0.09951359831278292,0.4013703630805604,0.050989178929886414,0.11045848565231298,0.1362267371106083,-0.04491998476242498,-0.01786424173933154,0.021114419714898202,0.0015864641034874112,-0.026339742588579424,-0.029535645836281602,-0.02605036316614818,0.0009320976655796043,-0.007804020677944442,-0.023641425387176195,0.013310508408233031,0.01159211595041028,0.01505295890003485,-0.006151951409628677,-0.006276095310452835,0.00407266365714712,-0.0035923148416382496,0.00906335384695622,-0.0023498782412018572,0.0021983990244035943,0.00128342806144982,0.003968212625302233,0.0001496345283437428,-0.0019335674761091605,0.016637078781923675,0.02265572765794149,0.0071922816107708116,0.007487285924100804,0.00501330047512284,-0.0008944316758608705,0.001162963683204287,0.005442842909628067,0.005904513357276498,0.009408650471405452,0.011217966490308264,0.01245789886438998,0.002770858912709602,0.0005049205956931212,0.0013538348846079788,0.0014217553442359126,5.222724248379716e-05,0.011007819544165067,0.0071728255155304515,0.0031053939572751417,0.0076027530775258055,-0.0005229614648698521,0.007602057179884812,-0.00783954546476035,-0.001625434767171937,0.007804628726901294,0.003587045085881783,0.0035160305796189993,-0.001036262385295411,-0.005958320812354316,0.0008024346251822145,0.0003539881817739207,0.0025078134174234285,0.0006039861612711148,0.004833018993893911,-0.006250906857903469,0.008138838527285317,0.0064346998608929016,-0.015764294539947637,-0.0027449505782974853,-0.013694607431224776,-0.02306898601823847,-0.0053345313764639555,-0.016234108664934365,0.011398506445654943,-0.015003851639592001,-0.005979745180736773,-0.020346427785631983,-0.010308120852999559,0.02603914571439323,-0.008507369308047146,-0.015431214882045349,0.22232724438469242,0.11524647686042284,-0.04253319070314168,-0.042526759455140194,0.5339407334027733,0.1559637943867529,0.4758011461580281,0.15524772126915173,0.9217322113574951,0.14005299096165474,0.1222976507186675,0.0020865532268665513,1.0,0.15733272737430667,0.8061342475711534,0.801070600144257,0.12814162093833387,0.6689583672243187,-0.014520529998321667,0.054949758330181585,0.03101307675522302,0.027177800220292724,-0.0024442332383681218,-0.011135380727978256,-0.0030763393453046685,-0.00795849913020546,0.0016672720826471465
PAMIN23_,-0.003935355964139498,0.017356921767103444,-0.0020995866921923443,-0.003411852280586285,-0.017057511170441436,-0.03561014281965614,-0.020143365324696128,-0.03880004435495637,0.015345632958500562,0.03275581421189311,0.08719779607863241,0.11966006835140502,-0.11513082614919365,0.16016111397566676,0.44484622613627794,-0.0412142341084223,-0.016560269461136295,0.016992745779392426,-0.0005930736551368668,-0.012920830655821869,-0.021715276385549615,-0.02454019662353754,0.0028471613697104584,0.0012431570429239692,-0.015707163512564733,0.014324576568661264,0.010590316220739835,0.017096242416632216,-0.009275288401418445,-0.010077585359724252,0.006299915160043191,-0.0053611029259298965,0.007113147978998961,-0.004149200950940363,0.0030164397697960603,0.0021952488559592305,0.005295677235588181,0.0004003927634676643,-0.0004342328604565456,0.009296301809263625,0.013632727788692612,0.006185059844280938,0.005417605459561602,0.003273342202749685,0.00011445826215436071,0.0008096102013811887,0.001960312540386844,0.002973896422654593,0.007033824919168246,0.009031141574086821,0.009307515469133118,0.0028476248512526643,0.004015431428080944,0.0011782841601898698,0.0015821540388957316,0.0011978190471524778,0.009089107278351131,0.007585631055131537,-0.0028527862668547765,0.005114199891465859,-0.0021520879649449395,0.008124935317530198,-0.0020109799230747837,-2.4304515563228597e-05,0.007170963424789102,0.009098470083382054,0.008309968530067964,-0.0008391162317541042,-0.005591537079135568,-0.0004181451387712985,-0.0010757049995767877,-0.00343523467438415,0.0022081628632652102,0.001173938399094708,-0.006531476068019149,0.003157954701281499,0.004049289395123638,-0.007732418829453436,-0.0012375032322393448,-0.0071270757777077915,-0.018717497762440492,-0.003972945426726853,-0.014233423569498293,0.013411908746921039,-0.01243653901081363,-0.005736129663215254,-0.010990239623934046,-0.005089413769783583,0.02510789906620994,-0.007572670066292954,-0.012090729009688219,0.11558668629957435,0.24414126811653936,-0.029893056104735173,-0.0298918415756209,0.15474816329452962,0.5471519521658375,0.14637612205337636,0.5128832610140808,0.15152648047369927,0.9311411785635488,0.10143873237955094,-0.10092869676723933,0.15733272737430667,1.0,0.7111943431207494,0.11267098378945012,0.7479440849538013,0.5138311914531326,-0.014259619674636001,0.0427488486516377,0.02545876734399607,0.01965421116151836,-5.702642404618832e-05,-0.004974349333150014,-0.0043101125139628,-0.008117961449506345,0.0031115271167359835
PA3MIN_,-0.006122266662747115,0.023280717486652606,0.0020662217108389502,-0.0038414316990255473,-0.02683144002229889,-0.05480857109862465,-0.034599843536757977,-0.06207713600921517,0.0233733864347156,0.047238258988243104,0.12308837902963063,0.35741974423152023,-0.03268862797358115,0.1745988952790077,0.36352428850395735,-0.05667216955479432,-0.022639696156340178,0.025212509583989306,0.0007739753408111203,-0.0264923419975154,-0.03403697191863453,-0.03324861320395627,0.0023695298240304424,-0.004810485858260772,-0.026241072105432778,0.018058453369711278,0.014597645258234067,0.0209596053857693,-0.009937044631100967,-0.010506150407054628,0.006674050723744129,-0.005769577174103203,0.010714014797140068,-0.0041589688010817746,0.0033723914725971222,0.0022290054100141906,0.005997961464638077,0.0003464324703140608,-0.0016366219822340202,0.01741359133524345,0.024296400031119023,0.0088259650054273,0.008576112094304027,0.005530145379346476,-0.0005681283745696171,0.0013129833549278302,0.005049158810439591,0.005985138772671999,0.010912288070980299,0.013397052684501403,0.014445314390040605,0.0036787503657625294,0.00276546093344729,0.0016697648557550127,0.0019601117203966586,0.0007549060628654212,0.013282189999065653,0.009651330618643952,0.0005012334789982917,0.008476509500035789,-0.0016617969283500775,0.01028003256138737,-0.006785638073104865,-0.0011716471282761604,0.009852619938756168,0.008005238583904613,0.0074822197051121015,-0.0012404694883526922,-0.0075919201283515805,0.0003206714999989779,-0.00039256689471224094,-0.0002731612676811339,0.0017530750817927878,0.004143857142981291,-0.008363407789519746,0.007685955066441857,0.007006928372986131,-0.015855218786064676,-0.0026955299596745225,-0.014019170097753447,-0.02763735277855622,-0.0061780161475943635,-0.02008503257053586,0.016150507071698177,-0.018132575564148833,-0.007693810498671066,-0.02106913258066981,-0.010387504179851346,0.033580792556751386,-0.010593574428454633,-0.018229591164574364,0.22752513993401977,0.22832779216440666,-0.04818950704645102,-0.04818420115029161,0.472816070590768,0.4388754419089326,0.42641226548905303,0.4178320593804091,0.746939368301273,0.6576336883664704,0.14784056413966185,-0.05899066196573046,0.8061342475711534,0.7111943431207494,1.0,0.6377630164120232,0.5393836129366278,0.7840907422882992,-0.01888089895176114,0.0647315101935492,0.03733177979314473,0.031123532515145474,-0.0017741248203889213,-0.01090745233737053,-0.004772525737749942,-0.010529591054442112,0.0030512786886145553
PAVIG13_,-0.0029219370583865247,0.05788514017068574,0.0060902683528343046,-0.009515778020084863,-0.06968845832141615,-0.03075354197211831,-0.05127013425936816,-0.04424004468715705,0.03346947558541782,0.04469497669486633,0.059182865936589335,0.24866226404744407,0.014601732728784678,0.0806899761322295,0.09038072852400779,-0.027692914592792252,0.011340763555187464,0.0713403679594495,0.01638316852959776,-0.06279813399733267,-0.023050844357250737,-0.023113018384604993,0.010939967280078844,-0.0014381127692328513,-0.005553301905777891,-0.0162382551914619,-0.01283122125981252,-0.01943950495025856,0.016600785721778574,-0.016829958637487225,-0.0002649259229805977,0.0017141908000311437,0.02465598905533618,0.004738014593824258,0.005172825115017253,0.006697190777212823,0.007125591652523837,0.0035284082192093527,0.00047142415615624334,0.029171005857378782,0.03699325588483676,0.014523298201507691,0.015582128551773364,0.010256229751701903,0.0004231065234656505,0.003674095965015318,0.011202192233212107,0.011157343453288315,0.02469521979350125,0.032713462576326874,0.02893457870383592,0.007007092995707006,0.001225860127340299,0.01760968835575515,0.01791562754997321,0.01623702347015698,0.009424283403665988,0.00481481107500353,0.00413866108893062,0.016352419843453373,0.0014944849414744539,0.005965640585547336,-0.004741051832276182,0.0035831189550173163,-0.0068506047927928086,0.008307307765889138,0.007509815989691542,0.0010805495425138352,-0.010637809992823285,0.02096813933074375,0.01167741690715948,0.004112239500210562,0.001168603990483714,0.015557982634386739,-0.028885504674826337,0.01868770982947858,0.014364735886889891,-0.03422658846852199,-0.008584153025331524,-0.032412854406675046,-0.07332384176953098,-0.0030904268641755764,-0.025605083018848687,0.034691163066391806,-0.020908841003664837,-0.014619635916364133,-0.04105050474088935,-0.020022404238382835,0.06278952760637364,-0.010310183095306931,-0.03446010200707926,0.17211725653312296,0.07986574902194775,-0.14569556642978515,-0.14569167421490517,0.3300629476327102,0.09909147534476055,0.2624675377654484,0.09602463517527812,0.5307647967386118,0.07767163839868588,0.08635951035776482,-0.005155165764319662,0.801070600144257,0.11267098378945012,0.6377630164120232,1.0,0.1370507466959161,0.8219047201789713,-0.0148292248541808,0.13626053758270432,0.026488767458318522,0.019928778871166383,-0.01125930810188687,-0.011579649703795996,-0.0072358621025471,-0.012352391713825869,0.044315449528397326
PAVIG23_,-0.0011272230888160757,0.046771639686978506,-0.001409235446041525,-0.007713103506385577,-0.05581358406442606,-0.026052327662233105,-0.0423588455592249,-0.03530878920140835,0.02978558475198389,0.009480985918765887,0.06325098756382934,0.07525686195272142,-0.07756899507651688,0.10620246940510475,0.27126835783529296,-0.02495296967036012,0.00649685437432738,0.055208970350299036,0.00958466045664688,-0.05534438722801657,-0.015673176640841155,-0.01899006534488454,0.011979160753157478,0.009291340567029656,-0.0021519151231257513,-0.012273581010523353,-0.010803963929136505,-0.015662349613064033,0.010831940899106923,-0.01928021752420491,-0.0025978772363468676,4.279834956191799e-05,0.019548406066388625,0.0013223245179649977,0.002960452900793143,0.004741539099847056,0.004466918415059472,0.004217223350496246,0.0001096965001758951,0.02159317499025925,0.027707748111315645,0.013392902781069495,0.011411046684047554,0.00811280556609759,0.0016765796366932058,0.003242468481904294,0.005291558885942889,0.006509891169242115,0.020019615716872666,0.026983360970074356,0.023541678538332673,0.006348811766269529,0.002975601104625709,0.014276596573167584,0.014986116509729076,0.014161476700050647,0.006448617963013033,0.005653858747622786,-0.00017369079120133882,0.011461020522581876,-0.00023300560236031072,0.00362287798175226,-0.00179941620907758,0.00545736701553818,-0.006263413308823735,0.009435506070300602,0.008221924096718628,0.0004872172042478171,-0.009329714376489592,0.017276707209350206,0.007744485666660324,-0.0010417730061965072,0.002202885844140651,0.009666703607708674,-0.023679031265494838,0.013401557464843446,0.010219301133636907,-0.029771426392742596,-0.007353365452667676,-0.027170090455207893,-0.05748708410106231,-0.0012593652965547334,-0.0218569605412031,0.028906582084357976,-0.01741407649488923,-0.013153827391438321,-0.03659577469298865,-0.015980413973391436,0.05647802724247947,-0.00903138888498347,-0.029629109759994422,0.0803351218029378,0.18880140343646157,-0.12054281285377551,-0.12053937732630995,0.09558242636070456,0.3352105793931987,0.10781277043697296,0.3141668692029156,0.09733262828618672,0.4750278438898345,0.062219651438518965,-0.06723052020232384,0.12814162093833387,0.7479440849538013,0.5393836129366278,0.1370507466959161,1.0,0.6768926814364414,-0.01186827763511858,0.12179749370087962,0.019395261958919732,0.012717106067142745,-0.011072738463629671,-0.010510730857358349,-0.0057654352400568305,-0.010100349133042096,0.039021067497300915
PA3VIGM_,-0.0028194834647521584,0.06991015869713443,0.003715256530515749,-0.011506542181060848,-0.08388070863000721,-0.03783417924972245,-0.06245700823186184,-0.053178851083683865,0.041999185758293894,0.03866459991972075,0.0803509584023016,0.22805586509374312,-0.03375568735984267,0.12103205221336268,0.2231545179576136,-0.03492765976114751,0.012163271651468348,0.08476054817675077,0.017685896625660193,-0.07849074102408204,-0.02614181167459623,-0.028095393483400257,0.015018049166337777,0.004274343862113723,-0.005364083997980784,-0.019124479340960936,-0.01574762946645266,-0.02345202263342479,0.018564856616307922,-0.0235933447864243,-0.00169077705318171,0.0012984153323894656,0.02956303948374221,0.004281192233300192,0.005546304742243041,0.0077032666843558535,0.007863687659954944,0.0050470564899829885,0.0004133933396007447,0.034093965993326585,0.043422821731236884,0.018493773179004955,0.018140914516894546,0.012286616204193253,0.0012785267820364671,0.00459478219493488,0.01136719363198121,0.012034470184576155,0.029863161246769444,0.039825975351252874,0.03503876772768744,0.008857817026315846,0.0026220515907437493,0.021295418871029603,0.021930770568076262,0.02020920065993161,0.01071140924718142,0.0068291129777454706,0.0029755311854645083,0.01874205050533814,0.000976551948464257,0.00651636909863667,-0.004557801315154442,0.005800857734858196,-0.00869242317340567,0.01159900534404883,0.010308522645637992,0.0010831241910583102,-0.013269950833390588,0.025516279156326916,0.01313088839886477,0.002456705790572,0.002135154120303994,0.017119885335314593,-0.03508128597911744,0.021593297400016514,0.016550963245492305,-0.04255364966197874,-0.010607389891010626,-0.039709974372181704,-0.08754448668225841,-0.0030206756788541678,-0.03159584199180499,0.042401542318315416,-0.025551209319933585,-0.01842788053182433,-0.05154880708511712,-0.02406807460163978,0.07913624667411533,-0.012854940986287599,-0.04264533271702367,0.1740960245005899,0.16791818707390338,-0.17758371685861485,-0.17757884897486997,0.3002324257229011,0.2663974661317964,0.25703578755204654,0.2520173071248695,0.4503791268045885,0.3308826037992681,0.09995267599275495,-0.04249175884186738,0.6689583672243187,0.5138311914531326,0.7840907422882992,0.8219047201789713,0.6768926814364414,1.0,-0.017844367838893167,0.17129411364581712,0.03083689955968297,0.022121933205524646,-0.014734110077195307,-0.01464897072382924,-0.008692342522215159,-0.014987199825551956,0.055369633867469736
_MRACE1,-0.015950345809906594,-0.02460618654209065,0.01080789774328527,0.018556960519939457,0.039901856451770856,0.002803658856566812,-0.0026142952183552427,0.002464784611698269,-0.018124447277428752,0.01598213208349209,-0.006015493243997858,0.0011193385910543523,0.018570822465844492,-0.024504595574912184,-0.012817420031359035,0.012353349582694234,0.0004860391228661034,-0.03339151482670029,0.061270924891026465,0.02610906893422894,0.10041185245004991,0.17795102072266075,-0.005213857709440201,-0.0035017445849334153,0.023437994241003582,-0.014640589438964735,-0.008792421727293467,-0.024508360045232935,-0.003039141699076899,0.016793191548059257,5.8332051059246244e-05,0.007788921279640172,-0.012536744757752037,-0.00342158273749291,0.008376196982675044,0.004849205757491808,0.0001485223579504031,0.0018285063946687056,0.0015875839049636709,-0.009842076326959725,-0.011142416489322762,0.0025085667315237884,0.00011428343153540592,9.939083524831697e-05,0.005561508737613914,0.002228405445234602,-0.0038573771091081465,-0.0025143304273927435,-0.0158310284965348,-0.021555650657506913,-0.017796582450119836,-0.004949576685965697,-0.0032020667725245044,-0.009040741749339868,-0.010307827038628118,-0.009258352551099748,0.004370822597294321,0.002194835043028589,0.005231310592312101,-0.0034245535728803893,-0.005304952676779585,-0.015705267193303046,0.0057435640330373815,0.033026829281483226,-0.008971542575927877,-0.015729455126207575,-0.015453533491221149,-0.0006425000569370172,-0.00010062629710475254,-0.032470660039895155,-0.012856110145895246,0.19258558717008895,-0.029895332307004654,0.005964927233696476,0.006195186725265732,0.004570599689691209,0.0029236753984370587,0.014758067376577312,0.012806694239843194,0.017745014286213355,0.033672686268486005,-0.015882466979890892,0.016904286277519446,-0.015415738288358728,0.014351561541370381,0.12490620747501176,-0.0043493466048867314,0.01713834972744486,-0.03359152544406293,0.034195919141065796,0.04234741770053173,-0.021853985938951256,-0.03507495753329562,-0.020439314831867974,-0.020436864187437766,-0.012131846043204525,-0.02278679468758999,-0.01508209709745028,-0.017211255578908766,-0.004903472931526784,-0.008666834913834059,0.00023700713017686597,0.04952870482368807,-0.014520529998321667,-0.014259619674636001,-0.01888089895176114,-0.0148292248541808,-0.01186827763511858,-0.017844367838893167,1.0,-0.03345563182506208,-0.1524870400507095,-0.12294644050091559,-0.07847954836200548,-0.08896930530816628,0.049982703186298306,0.057155280285874056,-0.023909455153668803
_AGE80,0.0009183184581822135,0.29335989743886093,0.008837568572576861,-0.0664732150375575,-0.3357207081355451,0.08500431609742166,-0.16056803641813422,0.0034714799155508317,0.12279024947529613,-0.059896730994245306,-0.02626112066460387,-0.023827338677529744,-0.017479494604238678,-0.036822652538959236,-0.004997043820270994,0.08082830458018789,0.20933989989630622,0.3563635097167157,0.11792292036868564,-0.3020004306927218,-0.00487574506440945,-0.06566518791793348,0.097567624060569,0.058203133009239336,0.09042629811201645,-0.15039767485362118,-0.0846301147334571,-0.17581539267239826,0.10829712296838095,-0.03960955708625445,-0.017579640505408826,0.038217899194135804,0.11469245143001276,0.054682924532946924,0.030076265269601006,0.041784286478174136,0.03361700054197755,0.029772291129693505,0.01443213459086949,0.09393818737531971,0.10980512956248477,0.06266857265498167,0.07135946817143617,0.03442977945337154,0.010326421139939736,0.017786148518036365,0.038011627084471894,0.03857665370404214,0.10104973248671457,0.138503867412209,0.10870787355004173,0.029734804248425215,0.006949592320055542,0.11346997883031908,0.11814441693435468,0.11532532423753873,0.009919480159891518,0.00630349060914613,0.002282209075954501,0.07767936297217709,0.004186891365003607,0.007398750965721946,0.0222010155627389,0.04138983295002904,-0.053160853835191875,0.037026936618197316,0.033219119583299234,0.008849654924111725,-0.07488852674719902,0.11424577519033426,0.056753364305829515,0.017614335516265654,-0.014811755369514294,0.07279531726343008,-0.1176954985096244,0.07781058964183742,0.06279801323922704,-0.15176922804251777,-0.039366576044532565,-0.1560280657386872,-0.35807194136801296,6.157134027346527e-05,-0.10204432815834488,0.1815901461894262,-0.07383809783014125,-0.06506415440598869,-0.16596733394933147,-0.0820280900104965,0.29024448702997696,-0.036735597663184176,-0.16933655959984717,-0.06694826473894985,-0.057106682928773474,-0.7839151925347084,-0.783906936168933,-0.06325603490735966,-0.03557613917042981,-0.01304113186208693,-0.015160936144280044,-0.002184123567456853,-0.00495028726715479,-0.013805349422649141,0.0178768740480803,0.054949758330181585,0.0427488486516377,0.0647315101935492,0.13626053758270432,0.12179749370087962,0.17129411364581712,-0.03345563182506208,1.0,0.04592325769252303,-0.0018629380316298166,-0.03285692378065929,0.01637500904474758,-0.012844956536853445,-0.023448513198560717,0.3663976508100476
HTIN4,0.01306484136446063,0.010786078322939319,-0.005816929291594096,-0.007771515030555932,-0.041605698774170245,0.0045794141088801275,0.014811652620637097,0.011047204998445458,0.03496792188124587,0.011594265618257467,0.0245047503530406,0.026438469962831505,-0.023127348476694315,0.05015833671969931,0.03755281202866816,-0.029885933743658256,0.010365178621004327,0.014306572199998969,-0.0844193299745606,-0.022882855982969113,-0.3015323105386185,-0.6704703834370263,0.0345385337199869,0.01821926529768467,0.07392757168740675,0.10048440162581508,0.05172265249079632,0.11809396280682426,0.03407306389517602,0.04024949466876274,0.015087273139727277,-0.002978540556942864,0.02464573501407446,0.01064241412857257,0.01490751881066915,0.016184085290408722,0.020555776255965545,0.008775052741707503,-0.0033172946787780656,0.05329384032849362,0.06728122174096825,0.011840284648362967,0.016165296939008755,0.0051687310629841,-0.000741334927362311,0.0013118511908754914,0.007413655393840519,0.009027454138836825,0.023666454939117343,0.031633938314153,0.02943809393558381,0.010091160703280274,0.0037940769393362246,0.03472345943955972,0.03522492555411086,0.03375235532231505,0.010781495202544395,0.010279482359570548,0.026656994626722382,0.041553069768656685,0.026116737370775814,0.03575030753198483,-0.014056112324281144,0.01596547393618755,0.03375623781450475,0.048804751335123256,0.04906531216915188,0.0008949313009931974,0.004208749866581328,0.07066319193730693,0.11561329170691872,-0.02183641935844519,0.08235117973516451,0.060085721799181695,0.05211366038899134,0.05931962203840398,0.07591812302374785,0.008329342775576658,-0.0020323230554643167,0.0028170836339832302,-0.013099177422281547,0.01304341718989272,-0.022274711618555324,0.00986743742890444,-0.02058628684953354,-0.025863318433631346,0.029486281234580948,-0.008772432106474413,0.03596243773043042,-0.031936209369792766,-0.04978974351263045,0.049906640387109506,0.07068980043108725,0.018657973348633047,0.018649836245723923,0.05031211210856157,0.05618852047241128,0.0381027270159163,0.03449845173489324,0.02306658319308985,0.020217520894918736,0.018866230944010996,-0.04994147971468548,0.03101307675522302,0.02545876734399607,0.03733177979314473,0.026488767458318522,0.019395261958919732,0.03083689955968297,-0.1524870400507095,0.04592325769252303,1.0,0.8611063886435933,0.47677450609262934,0.4957317182460137,-0.40694267057243344,-0.4026430252472413,0.04584205500289575
HTM4,0.00515834767859459,-0.016054480675500204,-0.0076865740336135155,-0.010467239410054764,0.004655032660303548,-0.0015658118066594112,0.0074050753243623795,0.003670549837477084,0.01828534154881063,0.011863570845878654,0.016294840224540894,0.022939004759529674,-0.013111673743796086,0.037219909941295586,0.028368580853735875,-0.025812185201959787,-0.0009563696152192938,-0.01581616495978297,-0.10504127461306155,0.008561392010558602,-0.26906073292559624,-0.4787505411841513,0.02992855385101091,0.013854001877065794,0.09613311528045947,0.13050099267170068,0.05936364052460046,0.1419713104477996,0.03273166358086458,0.05471870107362725,0.01730803534556973,-0.004216850791656348,0.016000314913210027,0.005729245592919522,0.02198271842778788,0.019609886570065967,0.02121585060274845,0.008678468005515711,-0.005919875918601733,0.05584980620656866,0.06914132095274439,0.010321613907150938,0.013280972668074926,0.003716894726849344,-0.0002962993291894109,0.0011822311686654136,0.005308348894984983,0.007480351521624716,0.019516628588486448,0.02472796164575018,0.02441738075193229,0.008742667754664845,0.003965735278830651,0.028325143852957556,0.02894054619774496,0.026926305290552847,0.007257149164169134,0.006899125351330888,0.028018579376782152,0.038195567485525536,0.023743550037279834,0.03159213391203294,-0.03162877531205622,0.014673274374114243,0.032876955826719595,0.05087308584887878,0.0511449152655153,0.003697895614303076,0.007248042371310364,0.06956495414058617,0.11891405738366996,-0.023497125136701748,0.0804490329173022,0.05580591001280643,0.06000429238685839,0.0563946323810771,0.07348384573989021,0.021292919101347056,-0.0023709801557095745,0.024272879792131438,0.019011321606101445,0.005210016982729039,-0.004354126541823465,-0.008618340300785827,-0.0062070670830879785,-0.01090901558269878,0.04467404984383678,0.004843017648502527,0.008002597422898983,-0.019219562682142668,-0.03270819291323862,0.047448852975809024,0.05957030502120839,0.08210796515852174,0.08210005447801638,0.05105302296169863,0.04925008804978451,0.02963247382582547,0.024224096693754894,0.020684584423319163,0.015541560057402096,0.015708322279004372,-0.04851916151687174,0.027177800220292724,0.01965421116151836,0.031123532515145474,0.019928778871166383,0.012717106067142745,0.022121933205524646,-0.12294644050091559,-0.0018629380316298166,0.8611063886435933,1.0,0.5478403977825981,0.5638068333691605,-0.46668539283543004,-0.4553040937532287,0.02217696201053197
WTKG3,0.009034395519470637,-0.050528374875534,-0.008375716121250907,-0.005147210802452248,0.04845908948932526,0.05234308855126565,0.03902865220922879,0.045446208479497756,0.023865493506592932,-0.012065434178047053,-0.024808595826509756,-0.006859895260722392,-0.0029866172973715887,-0.016104479333659574,-0.002056505073573996,0.02837160118252401,0.08437296439083107,-0.0631571653240972,-0.08706842059274641,0.04244447844442312,-0.5468234373235284,-0.20795384773113365,0.032445565531936456,0.01902774700854622,0.058901212224707095,0.11689397438783132,0.058790886745910584,0.1256970066531512,0.006361628277904694,0.05356480044202136,0.021598458715659862,0.02192767201291544,0.012688920549576653,0.00794469149483327,0.011733328189838467,0.011912685448235292,0.018097629822393022,0.003005495427711875,-0.00797355497653798,0.06650144232201968,0.08270603889704974,0.00020399248038246786,-0.0006905239947992394,-0.0014862389853784455,-0.0025901664331770156,0.000232551677014306,-0.0008791035801404867,0.0022340924303638886,0.0051404000860745085,0.0052259947789331665,0.00933465493558777,0.0027638293344004654,0.0013670570560356022,0.025532261835769503,0.024109329167209995,0.024266338494401844,1.410110907581461e-05,0.00033207110850765265,0.012757379984569817,0.03215504159433723,0.024061700963965642,0.018581565913694024,-0.048581034870754464,0.006868896445686996,0.0209083253209076,0.03134118262056431,0.0326959522057658,-0.0017366656888647227,-0.0021063877000070032,0.03949077619015319,0.06847926748194214,-0.019628997731237455,0.057017492725833736,0.03271762267632198,0.0601409895886576,0.02757389464431332,0.05551106820710388,0.02665915913309636,-0.0036115208643878044,0.027194969400022733,0.0662118563123049,0.009200033124087601,0.0083408385946226,-0.026311576524365745,0.004073465521876511,-0.001299875127067119,0.05751886934827487,0.015807312643888138,-0.0276230623479114,-0.008621763703348287,-0.012074938802733696,-0.019100048036284224,-0.005805286228523062,0.11676867969043304,0.11676040146715892,0.018564892141827934,0.016217730086206104,-0.023409218935151046,-0.017436816313452234,-0.00286493779802802,0.001699025421275504,-0.018337755788962903,-0.035599282636284875,-0.0024442332383681218,-5.702642404618832e-05,-0.0017741248203889213,-0.01125930810188687,-0.011072738463629671,-0.014734110077195307,-0.07847954836200548,-0.03285692378065929,0.47677450609262934,0.5478403977825981,1.0,0.8896014407361202,-0.28916549891127435,-0.27984896566034395,0.12068356889436802
_BMI5,0.01376802277841954,-0.017503520360143993,-0.007621328146533576,-0.005130590246641125,0.016088679025625625,0.06987078342821483,0.05676906095046876,0.06016696429057034,0.03783459878459516,-0.03231144760079047,-0.038380204859996526,-0.03332581949329102,-0.006043549839325117,-0.030170482326903992,-0.019461223478944342,0.04053417020175677,0.09562161707062326,-0.020755915808136127,-0.08652534072250428,0.023606632282325627,-0.5465342479905242,-0.29281390040544414,0.039119802220020455,0.026974551239126104,0.08517513039449032,0.08099451939004533,0.03609162032370469,0.08137511503155602,0.017182056428557337,0.05269715092092881,0.01057315240939556,0.022132907111914932,0.026122402113980918,0.016689125041400642,0.009913902606882881,0.01116193352636354,0.015014864984247643,0.002900082174699019,-0.0007553109949083495,0.03440084304084276,0.042594706971940274,0.005474128212372858,0.004811921520031029,0.0010040927294104006,-0.0010551395759979313,0.0011608157275240028,0.0025879293130151326,0.005507552022480264,0.011829946196488882,0.014315967184881654,0.013625293363885679,0.004289374140623079,0.0026046950569952433,0.03825782733696977,0.03799689553529888,0.0384929674263968,0.0037383624293862417,0.0021064777407905524,0.0138726651692821,0.031046441671681076,0.026040989981306176,0.02455379377400584,-0.009811138319529813,0.009398722877240927,0.01682163450298045,0.03635060783637958,0.038212094416509114,-0.0009688703758218496,0.00015690539989070954,0.06027240697646063,0.07640506579992257,-0.0243370676995284,0.05925633308985264,0.03917485521366339,0.043750101540814386,0.03488971194507644,0.06112135981548908,0.01714406986550217,-0.009356980864758415,0.019224755727337138,0.024281123260934533,0.013833256942395558,0.0004146497604638418,-0.005974290087927276,-0.0007523084241544536,-0.010679601172170773,0.05626010321245678,0.012734786195122737,0.0008404172655930883,-0.01586727391294191,-0.023052092858348174,-0.03814480118561592,-0.023530789355726136,0.050920464070379326,0.05091379296309049,-0.0140266650216423,-0.005996733756937624,-0.030647219605865184,-0.024205077234475233,-0.015099173597417914,-0.005209298006412216,-0.02921002500091852,-0.03784689334222242,-0.011135380727978256,-0.004974349333150014,-0.01090745233737053,-0.011579649703795996,-0.010510730857358349,-0.01464897072382924,-0.08896930530816628,0.01637500904474758,0.4957317182460137,0.5638068333691605,0.8896014407361202,1.0,-0.3093267077461482,-0.298836797983724,0.13882232312603962
DROCDY4_,-0.016970610940863193,-0.011446811793829071,0.000403536458926219,0.007258232778339141,0.009699927013507765,-0.017978217915033644,-0.011364739763050066,-0.01662049276081459,-0.015352415841931779,0.019722651220458985,0.013285640321666245,0.01934315886441352,0.009573957030886033,-0.00456132930406081,0.004589260117397067,-0.006050832275144644,-0.01918672770619547,-0.017446544219835623,0.06321915119694589,-0.016604016470146372,0.04880662240835018,0.019279257300874528,-0.03542236119661145,-0.025021307994193703,-0.3226876458328389,-0.10549744753471157,-0.011065516213561865,-0.09229719907743647,-0.1003963810203945,-0.10070359852864233,0.00018413661083739545,-0.006204380185998475,-0.03891137205258098,-0.019005425736442257,-0.027910620097297535,-0.025306024406671235,-0.021864694382712605,-0.010724448641861185,-0.007902986915017752,-0.03127221041790328,-0.03758668797088909,-0.023258292156448982,-0.025554876972565494,-0.009377578380485535,-0.002556510737452239,-0.006682346525664333,-0.012986024409722626,-0.014809603131895263,-0.033315988945077604,-0.04388591461213431,-0.03756290743069954,-0.012631940311951566,-0.005858845220278415,-0.04949120081748704,-0.0506457708387803,-0.049712860450196406,-0.023187528935415643,-0.021790900067204952,-0.05779182307659693,-0.036452202679538394,-0.03376833437382981,-0.05128023356720056,-0.013657234873024898,-0.06050252109702888,-0.02725367062689866,-0.08520195536350224,-0.08676599053517199,-0.01125402374395345,-0.015593463283240717,-0.1264131155577851,-0.2193989845074937,-0.01861903585739861,-0.1168136119495461,-0.12058055459968765,-0.08020372515192692,-0.11860020530389928,-0.14008008496256738,-0.05438530529866563,-0.011837376349815345,-0.054657734337961,0.014930306291068385,-0.0169365122743062,0.005641805865078415,-0.007754924555053586,0.005075011150059275,-0.021284966376097576,-0.07191945484746737,-0.033730804361962026,-0.018432485414532775,0.017346186142495026,0.02076218310168231,-0.01098765225274235,-0.0185786861545437,-0.011712826508152682,-0.011715310041871674,0.0034654050190762414,-0.008101546182443804,-0.007090873115356791,-0.007511223416754311,0.0025774429330546094,-0.000922636389104603,0.00994555338584805,0.036487249576584925,-0.0030763393453046685,-0.0043101125139628,-0.004772525737749942,-0.0072358621025471,-0.0057654352400568305,-0.008692342522215159,0.049982703186298306,-0.012844956536853445,-0.40694267057243344,-0.46668539283543004,-0.28916549891127435,-0.3093267077461482,1.0,0.949185010324607,-0.024880661047657144
_DRNKWK2,-0.015045759622671498,-0.013205647556210835,0.00046541982684657673,0.00895614129556014,0.014932328949379315,-0.009923872682963934,-0.0049629206407991976,-0.008943006708338896,-0.012971335487646602,0.017877129415591202,0.00897278045347585,0.017597010000305575,0.012729228754623886,-0.012694012031525951,1.2781365993170205e-05,0.0001807838502434184,-0.011953864396416802,-0.019144994817581633,0.06613779086920249,-0.008513623365052517,0.057524712003963564,0.032906907710539966,-0.03406717482047894,-0.02240749632647266,-0.2808210356520002,-0.13926481414214728,-0.015901989964359164,-0.11934450104389195,-0.09822795465714364,-0.09449773207462724,-0.0005812368292863887,-0.002936105788945695,-0.040553340046682866,-0.017125073586152107,-0.027974485088710428,-0.02550175495376237,-0.021776547276437436,-0.009903897052428773,-0.0065042134980773875,-0.03462407774899358,-0.042078710916404846,-0.023360620567834677,-0.026702276280301255,-0.01035751138582399,-0.001523342642616768,-0.006011150899718672,-0.013559680837530683,-0.015492414355695804,-0.03451833282864963,-0.04648644107235707,-0.04013981936129194,-0.01356570853324833,-0.005136784454785447,-0.04874803579477671,-0.050328141330995245,-0.04950383147563417,-0.021634267795822344,-0.02044235928345757,-0.05458008999027278,-0.03765064844941248,-0.032298386602526256,-0.051641235440854104,-0.010873495405537534,-0.0613085244174858,-0.028081694402551444,-0.0842935600648855,-0.08571210605894233,-0.011544782014512705,-0.015369052358661327,-0.13078246087936132,-0.215318916819503,-0.014583063127570777,-0.12126297672328953,-0.11821690017127161,-0.08040797312864968,-0.11742221595509121,-0.13902856904769237,-0.050575041168799975,-0.010551277916183996,-0.0486484436616687,0.01681875707876197,-0.015007442535802292,0.009184299066811894,-0.009221807036942318,0.00821811240063353,-0.01692242030357406,-0.06884671007463396,-0.030016488889008226,-0.02337553253311044,0.02043898869296002,0.02905531012075379,-0.023511278586882584,-0.031657933864928434,-0.0019030536184298054,-0.0019051069949398284,-0.0035517832015604755,-0.01698049269090752,-0.014281059195685708,-0.013615924837986786,-0.0010949625967443572,-0.0036248664961130617,0.007668166091126205,0.042532992878693124,-0.00795849913020546,-0.008117961449506345,-0.010529591054442112,-0.012352391713825869,-0.010100349133042096,-0.014987199825551956,0.057155280285874056,-0.023448513198560717,-0.4026430252472413,-0.4553040937532287,-0.27984896566034395,-0.298836797983724,0.949185010324607,1.0,-0.022925129907683608
MORTRT1,-0.0007729816446053059,0.14446441881984773,0.0034419426803071152,-0.02818798944775462,-0.164931679461592,0.18754041342692915,0.02526229282795095,0.12647332939261127,0.1248770439596178,-0.07218809086915087,-0.061980752217969656,-0.045018589694187414,0.002003401415069559,-0.08343612996655671,-0.040126929819811,0.10429398470170824,0.37522980030019887,0.17602873926478116,0.05656186693254586,-0.16400995477684435,-0.012826906812005484,-0.04887012317850621,0.09829178894956378,0.07245179012544338,0.11218516246572985,-0.0733018684438695,-0.012108419401272077,-0.09003295949854931,0.07699288480282808,0.010315314795277105,-0.002256874970467277,0.08277515340180987,0.07641995264256858,0.04833867645392339,0.02713295338280639,0.03532344706837255,0.03393040441282313,0.023384595797585502,0.009943595744694146,0.05981690416830771,0.06967974414372285,0.030727785805296098,0.030778629062087046,0.01681007931125002,0.007268492832014378,0.01073480896559222,0.01831018793961149,0.019642614362966,0.062061314420490635,0.08118008336334633,0.065927438709606,0.02084460702137271,0.008171017039485794,0.09499802161880208,0.09529645590584156,0.09643801967897449,0.013547679604586456,0.009885821577916848,0.005669354145345371,0.05924315037405903,0.01737856492209906,8.472679298844196e-05,0.011863184794411785,0.011109228803009139,-0.012175273200990828,0.02933926550433713,0.029031158604935717,0.000351058165923235,-0.036472338649046206,0.054555577276777824,0.025890909733809593,0.00790106523732816,-0.016559952838643924,0.04125367322256544,-0.08148157851988824,0.03536271233919396,0.042639253146223195,-0.08483487525169285,-0.026083348163184257,-0.07360142263229442,-0.1768563010659968,-0.001190177482185833,-0.04253015172369468,0.08960441812568495,-0.027986536128765404,-0.035358400777624394,-0.09176645531186317,-0.041095119542245165,0.13492394903979252,-0.014786989224619204,-0.0694114590262279,-0.1234973505634659,-0.11251637220543508,-0.36502997576995816,-0.3650362628113391,-0.07665031857941942,-0.06440027388762334,-0.06121519471841358,-0.052468575011468135,-0.02474489104351214,-0.016399798629201327,-0.038016107344586256,0.016874878760569523,0.0016672720826471465,0.0031115271167359835,0.0030512786886145553,0.044315449528397326,0.039021067497300915,0.055369633867469736,-0.023909455153668803,0.3663976508100476,0.04584205500289575,0.02217696201053197,0.12068356889436802,0.13882232312603962,-0.024880661047657144,-0.022925129907683608,1.0
